CO_UF,NO_UF,CO_MUNICIPIO,NO_MUNICIPIO,DEPENDENCIA_ADM,LOCALIZACAO,MEDIA_5_LP,MEDIA_5_MT,MEDIA_9_LP,MEDIA_9_MT,MEDIA_12_LP,MEDIA_12_MT,nivel_0_LP5,nivel_1_LP5,nivel_2_LP5,nivel_3_LP5,nivel_4_LP5,nivel_5_LP5,nivel_6_LP5,nivel_7_LP5,nivel_8_LP5,nivel_9_LP5,nivel_0_MT5,nivel_1_MT5,nivel_2_MT5,nivel_3_MT5,nivel_4_MT5,nivel_5_MT5,nivel_6_MT5,nivel_7_MT5,nivel_8_MT5,nivel_9_MT5,nivel_10_MT5,nivel_0_LP9,nivel_1_LP9,nivel_2_LP9,nivel_3_LP9,nivel_4_LP9,nivel_5_LP9,nivel_6_LP9,nivel_7_LP9,nivel_8_LP9,nivel_0_MT9,nivel_1_MT9,nivel_2_MT9,nivel_3_MT9,nivel_4_MT9,nivel_5_MT9,nivel_6_MT9,nivel_7_MT9,nivel_8_MT9,nivel_9_MT9,nivel_0_LP12,nivel_1_LP12,nivel_2_LP12,nivel_3_LP12,nivel_4_LP12,nivel_5_LP12,nivel_6_LP12,nivel_7_LP12,nivel_8_LP12,nivel_0_MT12,nivel_1_MT12,nivel_2_MT12,nivel_3_MT12,nivel_4_MT12,nivel_5_MT12,nivel_6_MT12,nivel_7_MT12,nivel_8_MT12,nivel_9_MT12,nivel_10_MT12
24,Rio Grande do Norte,2401206,Arês,Estadual,Total,,,,,"233,71","226,15",,,,,,,,,,,,,,,,,,,,,,,,,,,,,,,,,,,,,,,,,"47,48","23,53","9,65","9,22","6,73","2,54","0,85",0,0,"52,04","17,84","18,36","9,46","1,41","0,89",0,0,0,0,0
24,Rio Grande do Norte,2401206,Arês,Estadual,Urbana,,,,,"233,71","226,15",,,,,,,,,,,,,,,,,,,,,,,,,,,,,,,,,,,,,,,,,"47,48","23,53","9,65","9,22","6,73","2,54","0,85",0,0,"52,04","17,84","18,36","9,46","1,41","0,89",0,0,0,0,0
24,Rio Grande do Norte,2401206,Arês,Municipal,Rural,"172,96","170,83","243,64","244,77",,,"10,42","23,47","27,36","16,11",10,"3,06","6,53","3,06",0,0,20,"27,78","13,47","12,64","13,47","3,06","3,47","6,11",0,0,0,"14,53","26,35","19,59","5,41","16,89","17,23",0,0,0,"19,93","14,53","13,51","28,72","14,53","5,74",0,"3,04",0,0,,,,,,,,,,,,,,,,,,,,
24,Rio Grande do Norte,2401206,Arês,Municipal,Total,"167,91","174,36","235,85","239,46",,,"14,82","24,27","22,9","17,56","9,79","4,78","3,53","1,79","0,56",0,"8,66","23,11","21,53","24,22","14,57","3,02","2,5","1,82",0,"0,56",0,"18,53","26,23","20,83","10,37","14,94","7,97",0,"1,12",0,"21,38","14,77","27,47","15,54","13,24","5,28",0,"2,32",0,0,,,,,,,,,,,,,,,,,,,,
24,Rio Grande do Norte,2401206,Arês,Municipal,Urbana,"166,68","175,22",,,,,"15,89","24,47","21,81","17,91","9,74","5,2","2,8","1,48","0,7",0,"5,9","21,98","23,49","27,04","14,84","3,01","2,26","0,78",0,"0,7",0,,,,,,,,,,,,,,,,,,,,,,,,,,,,,,,,,,,,,,,
24,Rio Grande do Norte,2401206,Arês,Total - Estadual e Municipal,Rural,"172,96","170,83","243,64","244,77",,,"10,42","23,47","27,36","16,11",10,"3,06","6,53","3,06",0,0,20,"27,78","13,47","12,64","13,47","3,06","3,47","6,11",0,0,0,"14,53","26,35","19,59","5,41","16,89","17,23",0,0,0,"19,93","14,53","13,51","28,72","14,53","5,74",0,"3,04",0,0,,,,,,,,,,,,,,,,,,,,
24,Rio Grande do Norte,2401206,Arês,Total - Estadual e Municipal,Total,"167,91","174,36","239,14","239,15","233,71","226,15","14,82","24,27","22,9","17,56","9,79","4,78","3,53","1,79","0,56",0,"8,66","23,11","21,53","24,22","14,57","3,02","2,5","1,82",0,"0,56",0,"16,66","23,91","22,13","14,92","12,24","7,43","1,94","0,77",0,"19,59","15,04","30,59","12,65","13,98","3,64","2,92","1,6",0,0,"47,48","23,53","9,65","9,22","6,73","2,54","0,85",0,0,"52,04","17,84","18,36","9,46","1,41","0,89",0,0,0,0,0
24,Rio Grande do Norte,2401206,Arês,Total - Estadual e Municipal,Urbana,"166,68","175,22","237,43","237,03","233,71","226,15","15,89","24,47","21,81","17,91","9,74","5,2","2,8","1,48","0,7",0,"5,9","21,98","23,49","27,04","14,84","3,01","2,26","0,78",0,"0,7",0,"17,46","22,98","23,08","18,52","10,48","3,74","2,68","1,06",0,"19,46","15,23","37,04","6,58","13,77","2,84","4,02","1,06",0,0,"47,48","23,53","9,65","9,22","6,73","2,54","0,85",0,0,"52,04","17,84","18,36","9,46","1,41","0,89",0,0,0,0,0
24,Rio Grande do Norte,2401206,Arês,"Total - Federal, Estadual e Municipal",Rural,"172,96","170,83","243,64","244,77",,,"10,42","23,47","27,36","16,11",10,"3,06","6,53","3,06",0,0,20,"27,78","13,47","12,64","13,47","3,06","3,47","6,11",0,0,0,"14,53","26,35","19,59","5,41","16,89","17,23",0,0,0,"19,93","14,53","13,51","28,72","14,53","5,74",0,"3,04",0,0,,,,,,,,,,,,,,,,,,,,
24,Rio Grande do Norte,2401206,Arês,"Total - Federal, Estadual e Municipal",Total,"167,91","174,36","239,14","239,15","233,71","226,15","14,82","24,27","22,9","17,56","9,79","4,78","3,53","1,79","0,56",0,"8,66","23,11","21,53","24,22","14,57","3,02","2,5","1,82",0,"0,56",0,"16,66","23,91","22,13","14,92","12,24","7,43","1,94","0,77",0,"19,59","15,04","30,59","12,65","13,98","3,64","2,92","1,6",0,0,"47,48","23,53","9,65","9,22","6,73","2,54","0,85",0,0,"52,04","17,84","18,36","9,46","1,41","0,89",0,0,0,0,0
24,Rio Grande do Norte,2401206,Arês,"Total - Federal, Estadual e Municipal",Urbana,"166,68","175,22","237,43","237,03","233,71","226,15","15,89","24,47","21,81","17,91","9,74","5,2","2,8","1,48","0,7",0,"5,9","21,98","23,49","27,04","14,84","3,01","2,26","0,78",0,"0,7",0,"17,46","22,98","23,08","18,52","10,48","3,74","2,68","1,06",0,"19,46","15,23","37,04","6,58","13,77","2,84","4,02","1,06",0,0,"47,48","23,53","9,65","9,22","6,73","2,54","0,85",0,0,"52,04","17,84","18,36","9,46","1,41","0,89",0,0,0,0,0
24,Rio Grande do Norte,2401206,Arês,"Total - Federal, Estadual, Municipal e Privada",Rural,"172,96","170,83","243,64","244,77",,,"10,42","23,47","27,36","16,11",10,"3,06","6,53","3,06",0,0,20,"27,78","13,47","12,64","13,47","3,06","3,47","6,11",0,0,0,"14,53","26,35","19,59","5,41","16,89","17,23",0,0,0,"19,93","14,53","13,51","28,72","14,53","5,74",0,"3,04",0,0,,,,,,,,,,,,,,,,,,,,
24,Rio Grande do Norte,2401206,Arês,"Total - Federal, Estadual, Municipal e Privada",Total,"167,91","174,36","239,14","239,15","233,71","226,15","14,82","24,27","22,9","17,56","9,79","4,78","3,53","1,79","0,56",0,"8,66","23,11","21,53","24,22","14,57","3,02","2,5","1,82",0,"0,56",0,"16,66","23,91","22,13","14,92","12,24","7,43","1,94","0,77",0,"19,59","15,04","30,59","12,65","13,98","3,64","2,92","1,6",0,0,"47,48","23,53","9,65","9,22","6,73","2,54","0,85",0,0,"52,04","17,84","18,36","9,46","1,41","0,89",0,0,0,0,0
24,Rio Grande do Norte,2401206,Arês,"Total - Federal, Estadual, Municipal e Privada",Urbana,"166,68","175,22","237,43","237,03","233,71","226,15","15,89","24,47","21,81","17,91","9,74","5,2","2,8","1,48","0,7",0,"5,9","21,98","23,49","27,04","14,84","3,01","2,26","0,78",0,"0,7",0,"17,46","22,98","23,08","18,52","10,48","3,74","2,68","1,06",0,"19,46","15,23","37,04","6,58","13,77","2,84","4,02","1,06",0,0,"47,48","23,53","9,65","9,22","6,73","2,54","0,85",0,0,"52,04","17,84","18,36","9,46","1,41","0,89",0,0,0,0,0
24,Rio Grande do Norte,2401701,Bom Jesus,Estadual,Total,"188,7","205,61",,,"243,25","241,07","7,41","20,4","18,27","7,34","20,46","20,46","1,88","3,77",0,0,0,"5,46","14,81","33,27","20,34","13,06","1,82","7,47","1,88","1,88",0,,,,,,,,,,,,,,,,,,,,,,,,,,,,,,,,,,,,,,,
24,Rio Grande do Norte,2401701,Bom Jesus,Estadual,Urbana,"188,7","205,61",,,"243,25","241,07","7,41","20,4","18,27","7,34","20,46","20,46","1,88","3,77",0,0,0,"5,46","14,81","33,27","20,34","13,06","1,82","7,47","1,88","1,88",0,,,,,,,,,,,,,,,,,,,,,,,,,,,,,,,,,,,,,,,
24,Rio Grande do Norte,2401701,Bom Jesus,Municipal,Rural,"160,18","166,04",,,,,"27,27","27,27","9,09","18,18","9,09",0,"9,09",0,0,0,"9,09","18,18","36,36","27,27","9,09",0,0,0,0,0,0,,,,,,,,,,,,,,,,,,,,,,,,,,,,,,,,,,,,,,,
24,Rio Grande do Norte,2401701,Bom Jesus,Municipal,Total,"160,05","180,42","221,75","226,51",,,"23,91","26,17","18,41","13,7","11,57","1,07","3,06","1,06","1,06",0,"3,21","18,27","30,43","23,48","10,66","8,64","2,13","3,18",0,0,0,"34,11","17,27","27,08","13,98","4,15","1,62","1,8",0,0,"25,12","28,24","20,17","14,76","7,57","2,08","2,08",0,0,0,,,,,,,,,,,,,,,,,,,,
24,Rio Grande do Norte,2401701,Bom Jesus,Municipal,Urbana,"160,03","182,07","221,75","226,51",,,"23,52","26,04","19,48","13,19","11,85","1,19","2,37","1,18","1,18",0,"2,54","18,29","29,75","23,05","10,83","9,63","2,37","3,55",0,0,0,"34,11","17,27","27,08","13,98","4,15","1,62","1,8",0,0,"25,12","28,24","20,17","14,76","7,57","2,08","2,08",0,0,0,,,,,,,,,,,,,,,,,,,,
24,Rio Grande do Norte,2401701,Bom Jesus,Total - Estadual e Municipal,Rural,"160,18","166,04",,,,,"27,27","27,27","9,09","18,18","9,09",0,"9,09",0,0,0,"9,09","18,18","36,36","27,27","9,09",0,0,0,0,0,0,,,,,,,,,,,,,,,,,,,,,,,,,,,,,,,,,,,,,,,
24,Rio Grande do Norte,2401701,Bom Jesus,Total - Estadual e Municipal,Total,"169,65","188,87","233,26","235,15","243,25","241,07","18,37","24,24","18,36","11,57","14,55","7,57","2,66","1,97","0,7",0,"2,13","13,98","25,19","26,76","13,9","10,12","2,02","4,62","0,63","0,63",0,"25,55","15,8","25,77","15,95","7,91","6,38","2,63",0,0,"22,66","23,37","18,71","20,28","5,52","5,11","1,25","3,1",0,0,,,,,,,,,,,,,,,,,,,,
24,Rio Grande do Norte,2401701,Bom Jesus,Total - Estadual e Municipal,Urbana,"170,35","190,53","233,26","235,15","243,25","241,07","17,72","24,01","19,04","11,09","14,95","8,12","2,19","2,11","0,75",0,"1,62","13,67","24,38","26,73","14,25","10,86","2,17","4,96","0,68","0,68",0,"25,55","15,8","25,77","15,95","7,91","6,38","2,63",0,0,"22,66","23,37","18,71","20,28","5,52","5,11","1,25","3,1",0,0,,,,,,,,,,,,,,,,,,,,
24,Rio Grande do Norte,2401701,Bom Jesus,"Total - Federal, Estadual e Municipal",Rural,"160,18","166,04",,,,,"27,27","27,27","9,09","18,18","9,09",0,"9,09",0,0,0,"9,09","18,18","36,36","27,27","9,09",0,0,0,0,0,0,,,,,,,,,,,,,,,,,,,,,,,,,,,,,,,,,,,,,,,
24,Rio Grande do Norte,2401701,Bom Jesus,"Total - Federal, Estadual e Municipal",Total,"169,65","188,87","233,26","235,15","243,25","241,07","18,37","24,24","18,36","11,57","14,55","7,57","2,66","1,97","0,7",0,"2,13","13,98","25,19","26,76","13,9","10,12","2,02","4,62","0,63","0,63",0,"25,55","15,8","25,77","15,95","7,91","6,38","2,63",0,0,"22,66","23,37","18,71","20,28","5,52","5,11","1,25","3,1",0,0,,,,,,,,,,,,,,,,,,,,
24,Rio Grande do Norte,2401701,Bom Jesus,"Total - Federal, Estadual e Municipal",Urbana,"170,35","190,53","233,26","235,15","243,25","241,07","17,72","24,01","19,04","11,09","14,95","8,12","2,19","2,11","0,75",0,"1,62","13,67","24,38","26,73","14,25","10,86","2,17","4,96","0,68","0,68",0,"25,55","15,8","25,77","15,95","7,91","6,38","2,63",0,0,"22,66","23,37","18,71","20,28","5,52","5,11","1,25","3,1",0,0,,,,,,,,,,,,,,,,,,,,
24,Rio Grande do Norte,2401701,Bom Jesus,"Total - Federal, Estadual, Municipal e Privada",Rural,"160,18","166,04",,,,,"27,27","27,27","9,09","18,18","9,09",0,"9,09",0,0,0,"9,09","18,18","36,36","27,27","9,09",0,0,0,0,0,0,,,,,,,,,,,,,,,,,,,,,,,,,,,,,,,,,,,,,,,
24,Rio Grande do Norte,2401701,Bom Jesus,"Total - Federal, Estadual, Municipal e Privada",Total,"169,65","188,87","233,26","235,15","243,25","241,07","18,37","24,24","18,36","11,57","14,55","7,57","2,66","1,97","0,7",0,"2,13","13,98","25,19","26,76","13,9","10,12","2,02","4,62","0,63","0,63",0,"25,55","15,8","25,77","15,95","7,91","6,38","2,63",0,0,"22,66","23,37","18,71","20,28","5,52","5,11","1,25","3,1",0,0,,,,,,,,,,,,,,,,,,,,
24,Rio Grande do Norte,2401701,Bom Jesus,"Total - Federal, Estadual, Municipal e Privada",Urbana,"170,35","190,53","233,26","235,15","243,25","241,07","17,72","24,01","19,04","11,09","14,95","8,12","2,19","2,11","0,75",0,"1,62","13,67","24,38","26,73","14,25","10,86","2,17","4,96","0,68","0,68",0,"25,55","15,8","25,77","15,95","7,91","6,38","2,63",0,0,"22,66","23,37","18,71","20,28","5,52","5,11","1,25","3,1",0,0,,,,,,,,,,,,,,,,,,,,
24,Rio Grande do Norte,2402600,Ceará-Mirim,Estadual,Rural,,,"230,54","220,37","225,53","219,93",,,,,,,,,,,,,,,,,,,,,,"28,48","16,68","22,37","9,23","12,04","9,35","1,85",0,0,"30,89","27,41","20,43","12,48","3,25","3,69","1,85",0,0,0,"50,95","15,6","23,19","7,84",0,"2,42",0,0,0,"60,88","15,95","13,35","7,39","1,21","1,21",0,0,0,0,0
24,Rio Grande do Norte,2402600,Ceará-Mirim,Estadual,Total,"179,07","186,37","238,76","234,31","236,83","231,32","10,4","19,49","22,45","18,13","10,13","9,73","6,53","3,15",0,0,"1,85","18,29","23,66","18,74","21,12","9,71","4,45","2,18",0,0,0,"23,71","13,84","20,62","16,03","15,56","6,3","3,13","0,81",0,"23,38","22,74","19,3","14,8","10,69",7,"1,65",0,"0,44",0,"45,59","20,39","17,36","10,86","4,31","1,31","0,18",0,0,"53,76","18,54","14,16","8,22","4,32","1,01",0,0,0,0,0
24,Rio Grande do Norte,2402600,Ceará-Mirim,Estadual,Urbana,"179,07","186,37","241,15","238,37","238,67","233,18","10,4","19,49","22,45","18,13","10,13","9,73","6,53","3,15",0,0,"1,85","18,29","23,66","18,74","21,12","9,71","4,45","2,18",0,0,0,"22,32","13,01","20,11","18,01","16,59","5,41","3,51","1,05",0,"21,19","21,38","18,97","15,48","12,85","7,96","1,6",0,"0,57",0,"44,62","21,26","16,31","11,41","5,09","1,1","0,21",0,0,"52,47","19,01","14,3","8,37","4,88","0,97",0,0,0,0,0
24,Rio Grande do Norte,2402600,Ceará-Mirim,Municipal,Rural,"166,56","178,46","226,37","232,96",,,"12,65","25,88","27,73","15,91","8,44","5,7","2,14","0,62","0,76","0,16","3,12","19,26","25,78","28,33","14,4","6,67","2,1","0,16","0,17",0,0,"32,2","15,2","22,09","13,85","12,07","2,68","1,91",0,0,"23,18","22,54","24,87","11,21","10,57","7,63",0,0,0,0,,,,,,,,,,,,,,,,,,,,
24,Rio Grande do Norte,2402600,Ceará-Mirim,Municipal,Total,"170,38","181,11","227,6","226,53",,,"10,87","24,16","26,24","17,01","10,82","6,62","2,87","0,81","0,5","0,11","2,89","17,86","24,87","26,98","16,23","8,14","2,35","0,57","0,11",0,0,"31,11","16,33","21,29","15,16","10,7","3,93","0,9","0,57",0,"28,65","21,35","24,52","12,42","6,77","5,72","0,58",0,0,0,,,,,,,,,,,,,,,,,,,,
24,Rio Grande do Norte,2402600,Ceará-Mirim,Municipal,Urbana,"177,67","186,17","228,2","223,37",,,"7,47","20,87","23,38","19,12","15,36","8,38","4,26","1,16",0,0,"2,43","15,18","23,12","24,39","19,73","10,96","2,84","1,34",0,0,0,"30,58","16,88","20,9","15,81","10,03","4,54","0,41","0,85",0,"31,33","20,76","24,35","13,01","4,9","4,78","0,87",0,0,0,,,,,,,,,,,,,,,,,,,,
24,Rio Grande do Norte,2402600,Ceará-Mirim,Total - Estadual e Municipal,Rural,"166,56","178,46","227,79","228,66","225,53","219,93","12,65","25,88","27,73","15,91","8,44","5,7","2,14","0,62","0,76","0,16","3,12","19,26","25,78","28,33","14,4","6,67","2,1","0,16","0,17",0,0,"30,93","15,7","22,18","12,27","12,06","4,96","1,89",0,0,"25,81","24,2","23,35","11,65","8,07","6,29","0,63",0,0,0,"50,95","15,6","23,19","7,84",0,"2,42",0,0,0,"60,88","15,95","13,35","7,39","1,21","1,21",0,0,0,0,0
24,Rio Grande do Norte,2402600,Ceará-Mirim,Total - Estadual e Municipal,Total,"172,35","182,3","232,4","229,88","236,83","231,32","10,76","23,1","25,38","17,26","10,66","7,33","3,7","1,34","0,39","0,08","2,65","17,96","24,59","25,11","17,34","8,5","2,83","0,93","0,09",0,0,"27,92","15,25",21,"15,54","12,8","4,95","1,86","0,68",0,"26,38","21,95","22,27","13,44","8,46","6,27","1,04",0,"0,19",0,"45,59","20,39","17,36","10,86","4,31","1,31","0,18",0,0,"53,76","18,54","14,16","8,22","4,32","1,01",0,0,0,0,0
24,Rio Grande do Norte,2402600,Ceará-Mirim,Total - Estadual e Municipal,Urbana,"178,32","186,26","234,24","230,37","238,67","233,18","8,82","20,23","22,95","18,66","12,95",9,"5,31","2,08",0,0,"2,17","16,61","23,37","21,78","20,37","10,38","3,58","1,73",0,0,0,"26,73","15,07","20,53","16,83","13,09","4,95","1,85","0,94",0,"26,6","21,05","21,84","14,16","8,61","6,26","1,21",0,"0,27",0,"44,62","21,26","16,31","11,41","5,09","1,1","0,21",0,0,"52,47","19,01","14,3","8,37","4,88","0,97",0,0,0,0,0
24,Rio Grande do Norte,2402600,Ceará-Mirim,"Total - Federal, Estadual e Municipal",Rural,"166,56","178,46","227,79","228,66","225,53","219,93","12,65","25,88","27,73","15,91","8,44","5,7","2,14","0,62","0,76","0,16","3,12","19,26","25,78","28,33","14,4","6,67","2,1","0,16","0,17",0,0,"30,93","15,7","22,18","12,27","12,06","4,96","1,89",0,0,"25,81","24,2","23,35","11,65","8,07","6,29","0,63",0,0,0,"50,95","15,6","23,19","7,84",0,"2,42",0,0,0,"60,88","15,95","13,35","7,39","1,21","1,21",0,0,0,0,0
24,Rio Grande do Norte,2402600,Ceará-Mirim,"Total - Federal, Estadual e Municipal",Total,"172,35","182,3","232,4","229,88","254,53","251,68","10,76","23,1","25,38","17,26","10,66","7,33","3,7","1,34","0,39","0,08","2,65","17,96","24,59","25,11","17,34","8,5","2,83","0,93","0,09",0,0,"27,92","15,25",21,"15,54","12,8","4,95","1,86","0,68",0,"26,38","21,95","22,27","13,44","8,46","6,27","1,04",0,"0,19",0,"45,59","20,39","17,36","10,86","4,31","1,31","0,18",0,0,"53,76","18,54","14,16","8,22","4,32","1,01",0,0,0,0,0
24,Rio Grande do Norte,2402600,Ceará-Mirim,"Total - Federal, Estadual e Municipal",Urbana,"178,32","186,26","234,24","230,37","258,06","255,55","8,82","20,23","22,95","18,66","12,95",9,"5,31","2,08",0,0,"2,17","16,61","23,37","21,78","20,37","10,38","3,58","1,73",0,0,0,"26,73","15,07","20,53","16,83","13,09","4,95","1,85","0,94",0,"26,6","21,05","21,84","14,16","8,61","6,26","1,21",0,"0,27",0,"44,62","21,26","16,31","11,41","5,09","1,1","0,21",0,0,"52,47","19,01","14,3","8,37","4,88","0,97",0,0,0,0,0
24,Rio Grande do Norte,2402600,Ceará-Mirim,"Total - Federal, Estadual, Municipal e Privada",Rural,"166,56","178,46","227,79","228,66","225,53","219,93","12,65","25,88","27,73","15,91","8,44","5,7","2,14","0,62","0,76","0,16","3,12","19,26","25,78","28,33","14,4","6,67","2,1","0,16","0,17",0,0,"30,93","15,7","22,18","12,27","12,06","4,96","1,89",0,0,"25,81","24,2","23,35","11,65","8,07","6,29","0,63",0,0,0,"50,95","15,6","23,19","7,84",0,"2,42",0,0,0,"60,88","15,95","13,35","7,39","1,21","1,21",0,0,0,0,0
24,Rio Grande do Norte,2402600,Ceará-Mirim,"Total - Federal, Estadual, Municipal e Privada",Total,"172,35","182,3","232,4","229,88","254,53","251,68","10,76","23,1","25,38","17,26","10,66","7,33","3,7","1,34","0,39","0,08","2,65","17,96","24,59","25,11","17,34","8,5","2,83","0,93","0,09",0,0,"27,92","15,25",21,"15,54","12,8","4,95","1,86","0,68",0,"26,38","21,95","22,27","13,44","8,46","6,27","1,04",0,"0,19",0,"45,59","20,39","17,36","10,86","4,31","1,31","0,18",0,0,"53,76","18,54","14,16","8,22","4,32","1,01",0,0,0,0,0
24,Rio Grande do Norte,2402600,Ceará-Mirim,"Total - Federal, Estadual, Municipal e Privada",Urbana,"178,32","186,26","234,24","230,37","258,06","255,55","8,82","20,23","22,95","18,66","12,95",9,"5,31","2,08",0,0,"2,17","16,61","23,37","21,78","20,37","10,38","3,58","1,73",0,0,0,"26,73","15,07","20,53","16,83","13,09","4,95","1,85","0,94",0,"26,6","21,05","21,84","14,16","8,61","6,26","1,21",0,"0,27",0,"44,62","21,26","16,31","11,41","5,09","1,1","0,21",0,0,"52,47","19,01","14,3","8,37","4,88","0,97",0,0,0,0,0
24,Rio Grande do Norte,2403608,Extremoz,Estadual,Rural,,,,,"226,13","220,76",,,,,,,,,,,,,,,,,,,,,,,,,,,,,,,,,,,,,,,,,"58,33","14,58","10,42","10,42","4,17","2,08",0,0,0,"52,08","22,92","12,5","8,33","4,17",0,0,0,0,0,0
24,Rio Grande do Norte,2403608,Extremoz,Estadual,Total,"187,51","189,63","247,75","239,21","254,02","249,26","7,58","16,9","14,31","26,65","11,88","12,16","7,5","3,02",0,0,"4,86","12,16","15,64","28,39","21,61","12,55","3,9","0,88",0,0,0,"15,13","15,82","23,29","18,71","14,26","7,8","4,56","0,44",0,"16,5","16,53","26,15","23,37","11,76","3,77","1,4","0,53",0,0,"35,63","19,22","14,42","15,44","8,74","5,29","0,57","0,69",0,"39,74","17,45","15,76","14,62","7,65","3,18","0,46","0,57","0,57",0,0
24,Rio Grande do Norte,2403608,Extremoz,Estadual,Urbana,"187,51","189,63","251,17","244,54","260,22","255,6","7,58","16,9","14,31","26,65","11,88","12,16","7,5","3,02",0,0,"4,86","12,16","15,64","28,39","21,61","12,55","3,9","0,88",0,0,0,"12,36","15,75","24,07","17,94","15,82","8,71","4,82","0,52",0,"12,72","15,32","28,14","23,52","13,46","4,52","1,68","0,63",0,0,"28,84","20,61","15,61","16,94","10,11","6,25","0,74","0,89",0,"36,05","15,81","16,73","16,5","8,69","4,13","0,6","0,74","0,74",0,0
24,Rio Grande do Norte,2403608,Extremoz,Municipal,Rural,"166,09","177,68","216,15","229,41",,,"15,6","24,15","19,61","21,99","8,45","7,99",0,"1,55","0,68",0,"2,53","20,03","26,52","29,52","11,69","5,63","3,37","0,7",0,0,0,"36,66","24,3","16,39","14,6","5,96","2,09",0,0,0,"28,47","14,31","26,67","16,1","12,37","2,09",0,0,0,0,,,,,,,,,,,,,,,,,,,,
24,Rio Grande do Norte,2403608,Extremoz,Municipal,Total,"180,5","189,95","237,1","236,19",,,"11,8","17,53","21,7","15,42","12,35","14,28","2,73","3,11","1,08",0,"2,58","13,99","24,06","25,62","16,31","6,68","4,88","5,67","0,2",0,0,"21,36","18,09","22,26","18,82","10,65","6,48","1,68","0,66",0,"20,99","18,04","24,77","16,2","15,94","2,88","0,52","0,66",0,0,,,,,,,,,,,,,,,,,,,,
24,Rio Grande do Norte,2403608,Extremoz,Municipal,Urbana,"187,4","195,84","244,44","238,57",,,"9,98","14,36","22,7","12,27","14,22","17,3","4,03","3,86","1,28",0,"2,6","11,1","22,89","23,75","18,52","7,18","5,61","8,05","0,3",0,0,16,"15,92","24,31","20,3","12,29","8,01","2,27","0,89",0,"18,37","19,35","24,1","16,24","17,19","3,16","0,7","0,89",0,0,,,,,,,,,,,,,,,,,,,,
24,Rio Grande do Norte,2403608,Extremoz,Total - Estadual e Municipal,Rural,"166,09","177,68","222,12","222,36","226,13","220,76","15,6","24,15","19,61","21,99","8,45","7,99",0,"1,55","0,68",0,"2,53","20,03","26,52","29,52","11,69","5,63","3,37","0,7",0,0,0,"33,5","20,91","17,62","17,91","6,17","2,56","1,34",0,0,"31,38","17,74","22,3","18,79","8,57","1,22",0,0,0,0,"58,33","14,58","10,42","10,42","4,17","2,08",0,0,0,"52,08","22,92","12,5","8,33","4,17",0,0,0,0,0,0
24,Rio Grande do Norte,2403608,Extremoz,Total - Estadual e Municipal,Total,"181,87","189,89","242,7","237,78","254,02","249,26","10,98","17,41","20,25","17,62","12,26","13,87","3,66","3,09","0,87",0,"3,02","13,64","22,41","26,16","17,35","7,83","4,69","4,73","0,16",0,0,"18,08","16,9","22,8","18,76","12,55","7,17","3,19","0,54",0,"18,63","17,24","25,49","19,97","13,74","3,35","0,98","0,59",0,0,"35,63","19,22","14,42","15,44","8,74","5,29","0,57","0,69",0,"39,74","17,45","15,76","14,62","7,65","3,18","0,46","0,57","0,57",0,0
24,Rio Grande do Norte,2403608,Extremoz,Total - Estadual e Municipal,Urbana,"187,43","194,19","248,18","241,88","260,22","255,6","9,35","15,04","20,47","16,08","13,6","15,94","4,95","3,64","0,94",0,"3,2","11,38","20,97","24,98","19,34","8,61","5,16","6,15","0,22",0,0,"13,98","15,83","24,18","18,99","14,25","8,4","3,69","0,69",0,"15,23","17,11","26,34","20,28","15,12","3,92","1,24","0,75",0,0,"28,84","20,61","15,61","16,94","10,11","6,25","0,74","0,89",0,"36,05","15,81","16,73","16,5","8,69","4,13","0,6","0,74","0,74",0,0
24,Rio Grande do Norte,2403608,Extremoz,"Total - Federal, Estadual e Municipal",Rural,"166,09","177,68","222,12","222,36","226,13","220,76","15,6","24,15","19,61","21,99","8,45","7,99",0,"1,55","0,68",0,"2,53","20,03","26,52","29,52","11,69","5,63","3,37","0,7",0,0,0,"33,5","20,91","17,62","17,91","6,17","2,56","1,34",0,0,"31,38","17,74","22,3","18,79","8,57","1,22",0,0,0,0,"58,33","14,58","10,42","10,42","4,17","2,08",0,0,0,"52,08","22,92","12,5","8,33","4,17",0,0,0,0,0,0
24,Rio Grande do Norte,2403608,Extremoz,"Total - Federal, Estadual e Municipal",Total,"181,87","189,89","242,7","237,78","254,02","249,26","10,98","17,41","20,25","17,62","12,26","13,87","3,66","3,09","0,87",0,"3,02","13,64","22,41","26,16","17,35","7,83","4,69","4,73","0,16",0,0,"18,08","16,9","22,8","18,76","12,55","7,17","3,19","0,54",0,"18,63","17,24","25,49","19,97","13,74","3,35","0,98","0,59",0,0,"35,63","19,22","14,42","15,44","8,74","5,29","0,57","0,69",0,"39,74","17,45","15,76","14,62","7,65","3,18","0,46","0,57","0,57",0,0
24,Rio Grande do Norte,2403608,Extremoz,"Total - Federal, Estadual e Municipal",Urbana,"187,43","194,19","248,18","241,88","260,22","255,6","9,35","15,04","20,47","16,08","13,6","15,94","4,95","3,64","0,94",0,"3,2","11,38","20,97","24,98","19,34","8,61","5,16","6,15","0,22",0,0,"13,98","15,83","24,18","18,99","14,25","8,4","3,69","0,69",0,"15,23","17,11","26,34","20,28","15,12","3,92","1,24","0,75",0,0,"28,84","20,61","15,61","16,94","10,11","6,25","0,74","0,89",0,"36,05","15,81","16,73","16,5","8,69","4,13","0,6","0,74","0,74",0,0
24,Rio Grande do Norte,2403608,Extremoz,"Total - Federal, Estadual, Municipal e Privada",Rural,"166,09","177,68","222,12","222,36","226,13","220,76","15,6","24,15","19,61","21,99","8,45","7,99",0,"1,55","0,68",0,"2,53","20,03","26,52","29,52","11,69","5,63","3,37","0,7",0,0,0,"33,5","20,91","17,62","17,91","6,17","2,56","1,34",0,0,"31,38","17,74","22,3","18,79","8,57","1,22",0,0,0,0,"58,33","14,58","10,42","10,42","4,17","2,08",0,0,0,"52,08","22,92","12,5","8,33","4,17",0,0,0,0,0,0
24,Rio Grande do Norte,2403608,Extremoz,"Total - Federal, Estadual, Municipal e Privada",Total,"181,87","189,89","242,7","237,78","254,02","249,26","10,98","17,41","20,25","17,62","12,26","13,87","3,66","3,09","0,87",0,"3,02","13,64","22,41","26,16","17,35","7,83","4,69","4,73","0,16",0,0,"18,08","16,9","22,8","18,76","12,55","7,17","3,19","0,54",0,"18,63","17,24","25,49","19,97","13,74","3,35","0,98","0,59",0,0,"35,63","19,22","14,42","15,44","8,74","5,29","0,57","0,69",0,"39,74","17,45","15,76","14,62","7,65","3,18","0,46","0,57","0,57",0,0
24,Rio Grande do Norte,2403608,Extremoz,"Total - Federal, Estadual, Municipal e Privada",Urbana,"187,43","194,19","248,18","241,88","260,22","255,6","9,35","15,04","20,47","16,08","13,6","15,94","4,95","3,64","0,94",0,"3,2","11,38","20,97","24,98","19,34","8,61","5,16","6,15","0,22",0,0,"13,98","15,83","24,18","18,99","14,25","8,4","3,69","0,69",0,"15,23","17,11","26,34","20,28","15,12","3,92","1,24","0,75",0,0,"28,84","20,61","15,61","16,94","10,11","6,25","0,74","0,89",0,"36,05","15,81","16,73","16,5","8,69","4,13","0,6","0,74","0,74",0,0
24,Rio Grande do Norte,2404200,Goianinha,Estadual,Total,,,"254,19","247,11","239,45","230,23",,,,,,,,,,,,,,,,,,,,,,"14,71","11,76","14,71","23,53","20,59","11,76","2,94",0,0,"14,71","26,47","11,76","11,76","17,65","17,65",0,0,0,0,,,,,,,,,,,,,,,,,,,,
24,Rio Grande do Norte,2404200,Goianinha,Estadual,Urbana,,,"254,19","247,11","239,45","230,23",,,,,,,,,,,,,,,,,,,,,,"14,71","11,76","14,71","23,53","20,59","11,76","2,94",0,0,"14,71","26,47","11,76","11,76","17,65","17,65",0,0,0,0,,,,,,,,,,,,,,,,,,,,
24,Rio Grande do Norte,2404200,Goianinha,Municipal,Rural,"171,24","184,89","266,48","267,06",,,"12,28","21,01","24,71","20,83","12,27","4,49","3,41",0,"0,99",0,"1,89","12,76","27,01","29,41","14,59","10,51","3,83",0,0,0,0,"6,06","12,12","12,12","21,21","33,33","12,12",0,"3,03",0,0,"15,15","21,21","21,21","24,24","12,12","3,03",0,"3,03",0,,,,,,,,,,,,,,,,,,,,
24,Rio Grande do Norte,2404200,Goianinha,Municipal,Total,"186,55","199,69","247,13","248,29",,,"8,1","13,53","20,87","21,17","18,93","8,2","5,56","2,39","1,05","0,21","0,84","7,23","18,83","26,27","21,78","14,68","7,87","2,08","0,44",0,0,"16,6","14,2","20,66","22,16","14,41","6,72","4,24","1,02",0,"15,41","11,78","23,75","22,56","14,68","8,66","2,14","0,3","0,72",0,,,,,,,,,,,,,,,,,,,,
24,Rio Grande do Norte,2404200,Goianinha,Municipal,Urbana,"198,71","211,44","244,87","246,1",,,"4,79","7,59","17,82","21,44","24,21","11,14","7,26","4,29","1,09","0,37",0,"2,83","12,34","23,78","27,48","17,99","11,07","3,73","0,78",0,0,"17,83","14,44","21,65","22,27","12,2","6,09","4,73","0,78",0,"17,21","11,39","24,05","22,72","13,57","8,25","2,03","0,33","0,45",0,,,,,,,,,,,,,,,,,,,,
24,Rio Grande do Norte,2404200,Goianinha,Total - Estadual e Municipal,Rural,"171,24","184,89","266,48","267,06",,,"12,28","21,01","24,71","20,83","12,27","4,49","3,41",0,"0,99",0,"1,89","12,76","27,01","29,41","14,59","10,51","3,83",0,0,0,0,"6,06","12,12","12,12","21,21","33,33","12,12",0,"3,03",0,0,"15,15","21,21","21,21","24,24","12,12","3,03",0,"3,03",0,,,,,,,,,,,,,,,,,,,,
24,Rio Grande do Norte,2404200,Goianinha,Total - Estadual e Municipal,Total,"186,55","199,69","247,8","248,18","239,45","230,23","8,1","13,53","20,87","21,17","18,93","8,2","5,56","2,39","1,05","0,21","0,84","7,23","18,83","26,27","21,78","14,68","7,87","2,08","0,44",0,0,"16,42","13,97","20,09","22,29","14,99","7,2","4,11","0,92",0,"15,34","13,17","22,62","21,54","14,96","9,51","1,94","0,27","0,65",0,,,,,,,,,,,,,,,,,,,,
24,Rio Grande do Norte,2404200,Goianinha,Total - Estadual e Municipal,Urbana,"198,71","211,44","245,84","246,2","239,45","230,23","4,79","7,59","17,82","21,44","24,21","11,14","7,26","4,29","1,09","0,37",0,"2,83","12,34","23,78","27,48","17,99","11,07","3,73","0,78",0,0,"17,5","14,16","20,93","22,41","13,07","6,69","4,54","0,7",0,"16,95","12,97","22,77","21,57","13,99","9,23","1,82","0,3","0,4",0,,,,,,,,,,,,,,,,,,,,
24,Rio Grande do Norte,2404200,Goianinha,"Total - Federal, Estadual e Municipal",Rural,"171,24","184,89","266,48","267,06",,,"12,28","21,01","24,71","20,83","12,27","4,49","3,41",0,"0,99",0,"1,89","12,76","27,01","29,41","14,59","10,51","3,83",0,0,0,0,"6,06","12,12","12,12","21,21","33,33","12,12",0,"3,03",0,0,"15,15","21,21","21,21","24,24","12,12","3,03",0,"3,03",0,,,,,,,,,,,,,,,,,,,,
24,Rio Grande do Norte,2404200,Goianinha,"Total - Federal, Estadual e Municipal",Total,"186,55","199,69","247,8","248,18","239,45","230,23","8,1","13,53","20,87","21,17","18,93","8,2","5,56","2,39","1,05","0,21","0,84","7,23","18,83","26,27","21,78","14,68","7,87","2,08","0,44",0,0,"16,42","13,97","20,09","22,29","14,99","7,2","4,11","0,92",0,"15,34","13,17","22,62","21,54","14,96","9,51","1,94","0,27","0,65",0,,,,,,,,,,,,,,,,,,,,
24,Rio Grande do Norte,2404200,Goianinha,"Total - Federal, Estadual e Municipal",Urbana,"198,71","211,44","245,84","246,2","239,45","230,23","4,79","7,59","17,82","21,44","24,21","11,14","7,26","4,29","1,09","0,37",0,"2,83","12,34","23,78","27,48","17,99","11,07","3,73","0,78",0,0,"17,5","14,16","20,93","22,41","13,07","6,69","4,54","0,7",0,"16,95","12,97","22,77","21,57","13,99","9,23","1,82","0,3","0,4",0,,,,,,,,,,,,,,,,,,,,
24,Rio Grande do Norte,2404200,Goianinha,"Total - Federal, Estadual, Municipal e Privada",Rural,"171,24","184,89","266,48","267,06",,,"12,28","21,01","24,71","20,83","12,27","4,49","3,41",0,"0,99",0,"1,89","12,76","27,01","29,41","14,59","10,51","3,83",0,0,0,0,"6,06","12,12","12,12","21,21","33,33","12,12",0,"3,03",0,0,"15,15","21,21","21,21","24,24","12,12","3,03",0,"3,03",0,,,,,,,,,,,,,,,,,,,,
24,Rio Grande do Norte,2404200,Goianinha,"Total - Federal, Estadual, Municipal e Privada",Total,"186,55","199,69","247,8","248,18","239,45","230,23","8,1","13,53","20,87","21,17","18,93","8,2","5,56","2,39","1,05","0,21","0,84","7,23","18,83","26,27","21,78","14,68","7,87","2,08","0,44",0,0,"16,42","13,97","20,09","22,29","14,99","7,2","4,11","0,92",0,"15,34","13,17","22,62","21,54","14,96","9,51","1,94","0,27","0,65",0,,,,,,,,,,,,,,,,,,,,
24,Rio Grande do Norte,2404200,Goianinha,"Total - Federal, Estadual, Municipal e Privada",Urbana,"198,71","211,44","245,84","246,2","239,45","230,23","4,79","7,59","17,82","21,44","24,21","11,14","7,26","4,29","1,09","0,37",0,"2,83","12,34","23,78","27,48","17,99","11,07","3,73","0,78",0,0,"17,5","14,16","20,93","22,41","13,07","6,69","4,54","0,7",0,"16,95","12,97","22,77","21,57","13,99","9,23","1,82","0,3","0,4",0,,,,,,,,,,,,,,,,,,,,
24,Rio Grande do Norte,2404606,Ielmo Marinho,Estadual,Rural,"169,58","199,54","207,25","211,31",,,"8,33",25,25,"16,67",25,0,0,0,0,0,0,0,"16,67","41,67","16,67","16,67","8,33",0,0,0,0,"43,75","12,5",25,"18,75",0,0,0,0,0,"31,25","31,25",25,"12,5",0,0,0,0,0,0,,,,,,,,,,,,,,,,,,,,
24,Rio Grande do Norte,2404606,Ielmo Marinho,Estadual,Total,"169,58","199,54","207,25","211,31",,,"8,33",25,25,"16,67",25,0,0,0,0,0,0,0,"16,67","41,67","16,67","16,67","8,33",0,0,0,0,"43,75","12,5",25,"18,75",0,0,0,0,0,"31,25","31,25",25,"12,5",0,0,0,0,0,0,,,,,,,,,,,,,,,,,,,,
24,Rio Grande do Norte,2404606,Ielmo Marinho,Municipal,Rural,"177,08","189,69","210,7","218,7",,,"9,71","18,16","23,58","23,23","11,11","7,28","4,74","2,18",0,0,"1,72","14,45","22,1","23,61","19,44","11,23","6,25","1,21",0,0,0,"45,02","20,31","18,54","11,21","3,75","1,16",0,0,0,"36,03","24,29","21,63","10,1","5,63",0,"2,32",0,0,0,,,,,,,,,,,,,,,,,,,,
24,Rio Grande do Norte,2404606,Ielmo Marinho,Municipal,Total,"178,18","190,21","225,45","230,56",,,"9,63","19,34","22,46","20,44","12,83","7,59","4,92","2,3","0,47",0,"1,44","15,15","22,17","23,31","18,8","11,38","5,78","1,49","0,47",0,0,"32,84","19,29","19,74","13,19","8,81","4,07","2,07",0,0,"29,66","19,9","18,01","13,92","11,8","4,82","1,89",0,0,0,,,,,,,,,,,,,,,,,,,,
24,Rio Grande do Norte,2404606,Ielmo Marinho,Municipal,Urbana,"183,89","192,87","241,26","243,27",,,"9,22","25,49","16,67","5,88","21,76","9,22","5,88","2,94","2,94",0,0,"18,82","22,55","21,76","15,49","12,16","3,33","2,94","2,94",0,0,"19,78","18,21","21,01","15,31","14,23","7,18","4,28",0,0,"22,84","15,21","14,13","18,01","18,41","9,99","1,43",0,0,0,,,,,,,,,,,,,,,,,,,,
24,Rio Grande do Norte,2404606,Ielmo Marinho,Total - Estadual e Municipal,Rural,"176,53","190,42","210,1","217,41",,,"9,61","18,66","23,68","22,75","12,13","6,75","4,39","2,02",0,0,"1,59","13,39","21,7","24,93","19,24","11,63","6,4","1,12",0,0,0,"44,8","18,95","19,67","12,52","3,1","0,96",0,0,0,"35,2","25,5","22,22","10,52","4,64",0,"1,92",0,0,0,,,,,,,,,,,,,,,,,,,,
24,Rio Grande do Norte,2404606,Ielmo Marinho,Total - Estadual e Municipal,Total,"177,64","190,79","223,66","228,67",,,"9,55","19,7","22,62","20,2","13,59","7,12","4,62","2,16","0,44",0,"1,35","14,21","21,83","24,45","18,67","11,71","5,94","1,39","0,44",0,0,"33,91","18,62","20,26","13,73","7,94","3,67","1,86",0,0,"29,82","21,02","18,7","13,78","10,63","4,35","1,71",0,0,0,,,,,,,,,,,,,,,,,,,,
24,Rio Grande do Norte,2404606,Ielmo Marinho,Total - Estadual e Municipal,Urbana,"183,89","192,87","241,26","243,27",,,"9,22","25,49","16,67","5,88","21,76","9,22","5,88","2,94","2,94",0,0,"18,82","22,55","21,76","15,49","12,16","3,33","2,94","2,94",0,0,"19,78","18,21","21,01","15,31","14,23","7,18","4,28",0,0,"22,84","15,21","14,13","18,01","18,41","9,99","1,43",0,0,0,,,,,,,,,,,,,,,,,,,,
24,Rio Grande do Norte,2404606,Ielmo Marinho,"Total - Federal, Estadual e Municipal",Rural,"176,53","190,42","210,1","217,41",,,"9,61","18,66","23,68","22,75","12,13","6,75","4,39","2,02",0,0,"1,59","13,39","21,7","24,93","19,24","11,63","6,4","1,12",0,0,0,"44,8","18,95","19,67","12,52","3,1","0,96",0,0,0,"35,2","25,5","22,22","10,52","4,64",0,"1,92",0,0,0,,,,,,,,,,,,,,,,,,,,
24,Rio Grande do Norte,2404606,Ielmo Marinho,"Total - Federal, Estadual e Municipal",Total,"177,64","190,79","223,66","228,67",,,"9,55","19,7","22,62","20,2","13,59","7,12","4,62","2,16","0,44",0,"1,35","14,21","21,83","24,45","18,67","11,71","5,94","1,39","0,44",0,0,"33,91","18,62","20,26","13,73","7,94","3,67","1,86",0,0,"29,82","21,02","18,7","13,78","10,63","4,35","1,71",0,0,0,,,,,,,,,,,,,,,,,,,,
24,Rio Grande do Norte,2404606,Ielmo Marinho,"Total - Federal, Estadual e Municipal",Urbana,"183,89","192,87","241,26","243,27",,,"9,22","25,49","16,67","5,88","21,76","9,22","5,88","2,94","2,94",0,0,"18,82","22,55","21,76","15,49","12,16","3,33","2,94","2,94",0,0,"19,78","18,21","21,01","15,31","14,23","7,18","4,28",0,0,"22,84","15,21","14,13","18,01","18,41","9,99","1,43",0,0,0,,,,,,,,,,,,,,,,,,,,
24,Rio Grande do Norte,2404606,Ielmo Marinho,"Total - Federal, Estadual, Municipal e Privada",Rural,"176,53","190,42","210,1","217,41",,,"9,61","18,66","23,68","22,75","12,13","6,75","4,39","2,02",0,0,"1,59","13,39","21,7","24,93","19,24","11,63","6,4","1,12",0,0,0,"44,8","18,95","19,67","12,52","3,1","0,96",0,0,0,"35,2","25,5","22,22","10,52","4,64",0,"1,92",0,0,0,,,,,,,,,,,,,,,,,,,,
24,Rio Grande do Norte,2404606,Ielmo Marinho,"Total - Federal, Estadual, Municipal e Privada",Total,"177,64","190,79","223,66","228,67",,,"9,55","19,7","22,62","20,2","13,59","7,12","4,62","2,16","0,44",0,"1,35","14,21","21,83","24,45","18,67","11,71","5,94","1,39","0,44",0,0,"33,91","18,62","20,26","13,73","7,94","3,67","1,86",0,0,"29,82","21,02","18,7","13,78","10,63","4,35","1,71",0,0,0,,,,,,,,,,,,,,,,,,,,
24,Rio Grande do Norte,2404606,Ielmo Marinho,"Total - Federal, Estadual, Municipal e Privada",Urbana,"183,89","192,87","241,26","243,27",,,"9,22","25,49","16,67","5,88","21,76","9,22","5,88","2,94","2,94",0,0,"18,82","22,55","21,76","15,49","12,16","3,33","2,94","2,94",0,0,"19,78","18,21","21,01","15,31","14,23","7,18","4,28",0,0,"22,84","15,21","14,13","18,01","18,41","9,99","1,43",0,0,0,,,,,,,,,,,,,,,,,,,,
24,Rio Grande do Norte,2407104,Macaíba,Estadual,Rural,"205,82","221,47",,,"229,75","227,74","2,94","11,15","17,03","22,6","19,04","5,57","8,51","7,89","5,26",0,"2,94","2,94","8,2","28,48","14,09","14,09","8,2","13,16","7,89",0,0,,,,,,,,,,,,,,,,,,,,"43,22","29,06","19,24","6,93","1,55",0,0,0,0,"52,17","19,44","17,89","6,05","3,1","1,34",0,0,0,0,0
24,Rio Grande do Norte,2407104,Macaíba,Estadual,Total,"193,75","203,15","240,36","238,51","251,18","246,12","5,06","11,36","24,04","19,23","23,84","6,35","3,97","3,68","2,46",0,"2,6","9,99","14,95","28,23","14,05","15,28","3,83","7,39","3,68",0,0,"19,59","18,53","19,79","18,29","12,53","9,86","1,42",0,0,"21,89","17,33","18,83","22,89","7,22","8,37","2,74","0,73",0,0,"31,37","17,57","19,79","15,22","9,61","5,4","1,04",0,0,"33,58","16,36","21,45","15,03","9,64","3,5","0,45",0,0,0,0
24,Rio Grande do Norte,2407104,Macaíba,Estadual,Urbana,"183,19","187,13","240,36","238,51","255,65","249,95","6,91","11,55","30,18","16,28","28,04","7,03",0,0,0,0,"2,3","16,16","20,85",28,"14,02","16,32",0,"2,34",0,0,0,"19,59","18,53","19,79","18,29","12,53","9,86","1,42",0,0,"21,89","17,33","18,83","22,89","7,22","8,37","2,74","0,73",0,0,"28,9","15,17","19,9","16,95","11,29","6,52","1,26",0,0,"29,7","15,72","22,19","16,9",11,"3,95","0,54",0,0,0,0
24,Rio Grande do Norte,2407104,Macaíba,Federal,Rural,,,,,"316,32","320,99",,,,,,,,,,,,,,,,,,,,,,,,,,,,,,,,,,,,,,,,,,,,,,,,,,,,,,,,,,,,
24,Rio Grande do Norte,2407104,Macaíba,Federal,Total,,,,,"316,32","320,99",,,,,,,,,,,,,,,,,,,,,,,,,,,,,,,,,,,,,,,,,,,,,,,,,,,,,,,,,,,,
24,Rio Grande do Norte,2407104,Macaíba,Municipal,Rural,"176,43","186,91","229,73","235,89",,,"11,55","20,91","20,42","17,61","16,18","6,56","4,54","1,59","0,64",0,"4,11",13,"24,79","24,65","17,49","8,6","4,93","1,98",0,"0,45",0,"30,49","18,16","20,18","15,29","6,68","7,51","0,91","0,78",0,"26,23","15,27","18,56","18,48","14,78","4,57","2,11",0,0,0,,,,,,,,,,,,,,,,,,,,
24,Rio Grande do Norte,2407104,Macaíba,Municipal,Total,"176,43","186,74","230,24","233,6",,,"12,78","19,23","19,49","18,54","16,34","7,93","3,53","1,8","0,36",0,"4,18","12,89","24,04","25,33","18,07","8,29","4,62","2,2","0,12","0,25",0,"30,86","15,39","19,16","15,72","11,85","5,4","1,35","0,27",0,"27,52","17,09","17,4","19,25","11,16","5,89","1,05","0,64",0,0,,,,,,,,,,,,,,,,,,,,
24,Rio Grande do Norte,2407104,Macaíba,Municipal,Urbana,"176,43","186,53","230,51","232,38",,,"14,3","17,16","18,34","19,69","16,54","9,64","2,27","2,06",0,0,"4,28","12,77","23,11","26,18","18,78","7,9","4,25","2,47","0,28",0,0,"31,06","13,91","18,62","15,95","14,61","4,27","1,58",0,0,"28,21","18,05","16,78","19,67","9,23","6,59","0,48","0,98",0,0,,,,,,,,,,,,,,,,,,,,
24,Rio Grande do Norte,2407104,Macaíba,Total - Estadual e Municipal,Rural,"178,74","189,63","229,73","235,89","229,75","227,74","10,87","20,14","20,15","18,01","16,41","6,48","4,85","2,09",1,0,"4,02","12,21","23,49","24,95","17,23","9,03","5,18","2,86","0,62","0,42",0,"30,49","18,16","20,18","15,29","6,68","7,51","0,91","0,78",0,"26,23","15,27","18,56","18,48","14,78","4,57","2,11",0,0,0,"43,22","29,06","19,24","6,93","1,55",0,0,0,0,"52,17","19,44","17,89","6,05","3,1","1,34",0,0,0,0,0
24,Rio Grande do Norte,2407104,Macaíba,Total - Estadual e Municipal,Total,"178,02","188,25","235,61","236,21","251,18","246,12","12,07","18,51","19,91","18,61","17,03","7,79","3,57","1,98","0,55",0,"4,04","12,63","23,21","25,6","17,7","8,93","4,55","2,67","0,45","0,23",0,"24,88","17,05","19,49","17,08","12,21","7,77","1,38","0,13",0,"24,54","17,22","18,16","21,18","9,07","7,2","1,94","0,69",0,0,"31,37","17,57","19,79","15,22","9,61","5,4","1,04",0,0,"33,58","16,36","21,45","15,03","9,64","3,5","0,45",0,0,0,0
24,Rio Grande do Norte,2407104,Macaíba,Total - Estadual e Municipal,Urbana,"177,15","186,6","236,75","236,27","255,65","249,95","13,51","16,56","19,62","19,32","17,77","9,36","2,03","1,84",0,0,"4,06","13,13","22,87","26,37","18,27","8,8","3,79","2,46","0,25",0,0,"23,79","16,84","19,36","17,43","13,29","7,82","1,48",0,0,"24,21","17,6","18,08","21,71","7,95","7,72","1,91","0,82",0,0,"28,9","15,17","19,9","16,95","11,29","6,52","1,26",0,0,"29,7","15,72","22,19","16,9",11,"3,95","0,54",0,0,0,0
24,Rio Grande do Norte,2407104,Macaíba,"Total - Federal, Estadual e Municipal",Rural,"178,74","189,63","229,73","235,89","280,07","281,94","10,87","20,14","20,15","18,01","16,41","6,48","4,85","2,09",1,0,"4,02","12,21","23,49","24,95","17,23","9,03","5,18","2,86","0,62","0,42",0,"30,49","18,16","20,18","15,29","6,68","7,51","0,91","0,78",0,"26,23","15,27","18,56","18,48","14,78","4,57","2,11",0,0,0,"43,22","29,06","19,24","6,93","1,55",0,0,0,0,"52,17","19,44","17,89","6,05","3,1","1,34",0,0,0,0,0
24,Rio Grande do Norte,2407104,Macaíba,"Total - Federal, Estadual e Municipal",Total,"178,02","188,25","235,61","236,21","263,76","260,58","12,07","18,51","19,91","18,61","17,03","7,79","3,57","1,98","0,55",0,"4,04","12,63","23,21","25,6","17,7","8,93","4,55","2,67","0,45","0,23",0,"24,88","17,05","19,49","17,08","12,21","7,77","1,38","0,13",0,"24,54","17,22","18,16","21,18","9,07","7,2","1,94","0,69",0,0,"31,37","17,57","19,79","15,22","9,61","5,4","1,04",0,0,"33,58","16,36","21,45","15,03","9,64","3,5","0,45",0,0,0,0
24,Rio Grande do Norte,2407104,Macaíba,"Total - Federal, Estadual e Municipal",Urbana,"177,15","186,6","236,75","236,27","255,65","249,95","13,51","16,56","19,62","19,32","17,77","9,36","2,03","1,84",0,0,"4,06","13,13","22,87","26,37","18,27","8,8","3,79","2,46","0,25",0,0,"23,79","16,84","19,36","17,43","13,29","7,82","1,48",0,0,"24,21","17,6","18,08","21,71","7,95","7,72","1,91","0,82",0,0,"28,9","15,17","19,9","16,95","11,29","6,52","1,26",0,0,"29,7","15,72","22,19","16,9",11,"3,95","0,54",0,0,0,0
24,Rio Grande do Norte,2407104,Macaíba,"Total - Federal, Estadual, Municipal e Privada",Rural,"178,74","189,63","229,73","235,89","280,07","281,94","10,87","20,14","20,15","18,01","16,41","6,48","4,85","2,09",1,0,"4,02","12,21","23,49","24,95","17,23","9,03","5,18","2,86","0,62","0,42",0,"30,49","18,16","20,18","15,29","6,68","7,51","0,91","0,78",0,"26,23","15,27","18,56","18,48","14,78","4,57","2,11",0,0,0,"43,22","29,06","19,24","6,93","1,55",0,0,0,0,"52,17","19,44","17,89","6,05","3,1","1,34",0,0,0,0,0
24,Rio Grande do Norte,2407104,Macaíba,"Total - Federal, Estadual, Municipal e Privada",Total,"178,02","188,25","235,61","236,21","263,76","260,58","12,07","18,51","19,91","18,61","17,03","7,79","3,57","1,98","0,55",0,"4,04","12,63","23,21","25,6","17,7","8,93","4,55","2,67","0,45","0,23",0,"24,88","17,05","19,49","17,08","12,21","7,77","1,38","0,13",0,"24,54","17,22","18,16","21,18","9,07","7,2","1,94","0,69",0,0,"31,37","17,57","19,79","15,22","9,61","5,4","1,04",0,0,"33,58","16,36","21,45","15,03","9,64","3,5","0,45",0,0,0,0
24,Rio Grande do Norte,2407104,Macaíba,"Total - Federal, Estadual, Municipal e Privada",Urbana,"177,15","186,6","236,75","236,27","255,65","249,95","13,51","16,56","19,62","19,32","17,77","9,36","2,03","1,84",0,0,"4,06","13,13","22,87","26,37","18,27","8,8","3,79","2,46","0,25",0,0,"23,79","16,84","19,36","17,43","13,29","7,82","1,48",0,0,"24,21","17,6","18,08","21,71","7,95","7,72","1,91","0,82",0,0,"28,9","15,17","19,9","16,95","11,29","6,52","1,26",0,0,"29,7","15,72","22,19","16,9",11,"3,95","0,54",0,0,0,0
24,Rio Grande do Norte,2407500,Maxaranguape,Estadual,Total,"175,65","186,13",,,,,"16,67","12,5",25,"16,67","20,83","4,17",0,"4,17",0,0,"4,17","8,33",25,"16,67","41,67",0,"4,17",0,0,0,0,,,,,,,,,,,,,,,,,,,,,,,,,,,,,,,,,,,,,,,
24,Rio Grande do Norte,2407500,Maxaranguape,Estadual,Urbana,"175,65","186,13",,,,,"16,67","12,5",25,"16,67","20,83","4,17",0,"4,17",0,0,"4,17","8,33",25,"16,67","41,67",0,"4,17",0,0,0,0,,,,,,,,,,,,,,,,,,,,,,,,,,,,,,,,,,,,,,,
24,Rio Grande do Norte,2407500,Maxaranguape,Municipal,Rural,"173,51","179,32","221,92","216,54",,,"12,91","27,64","19,79","15,96","7,39","8,7","2,08","2,3","0,93","2,3","3,61","18,16","34,36","20,13","12,9","5,09","3,46","1,15","1,15",0,0,"27,64","36,33","14,31","9,76","5,51","6,44",0,0,0,"35,38","23,2","21,06","9,65","8,63","2,07",0,0,0,0,,,,,,,,,,,,,,,,,,,,
24,Rio Grande do Norte,2407500,Maxaranguape,Municipal,Total,"172,61","178,13","224,92","220,01",,,"13,15","27,8","19,66","16,5","6,09","9,69","2,55","1,9","0,76","1,9","2,97","17,47","35,86","22,46","11,47","5,03","2,85","0,95","0,95",0,0,"26,49","31,08","18,65","9,17","8,04","5,93","0,64",0,0,"33,44","21,85","19,27","14,91","7,38","3,16",0,0,0,0,,,,,,,,,,,,,,,,,,,,
24,Rio Grande do Norte,2407500,Maxaranguape,Municipal,Urbana,"168,44","172,58","235,59","232,33",,,"14,29","28,57","19,05","19,05",0,"14,29","4,76",0,0,0,0,"14,29","42,86","33,33","4,76","4,76",0,0,0,0,0,"22,39","12,41","34,06","7,06","17,03","4,14","2,92",0,0,"26,53","17,03","12,89","33,58","2,92","7,06",0,0,0,0,,,,,,,,,,,,,,,,,,,,
24,Rio Grande do Norte,2407500,Maxaranguape,Total - Estadual e Municipal,Rural,"173,51","179,32","221,92","216,54",,,"12,91","27,64","19,79","15,96","7,39","8,7","2,08","2,3","0,93","2,3","3,61","18,16","34,36","20,13","12,9","5,09","3,46","1,15","1,15",0,0,"27,64","36,33","14,31","9,76","5,51","6,44",0,0,0,"35,38","23,2","21,06","9,65","8,63","2,07",0,0,0,0,,,,,,,,,,,,,,,,,,,,
24,Rio Grande do Norte,2407500,Maxaranguape,Total - Estadual e Municipal,Total,"173,21","179,7","224,92","220,01",,,"13,84","24,8","20,7","16,53","8,98","8,6","2,05","2,34","0,61","1,53","3,21","15,68","33,73","21,32","17,38","4,04","3,11","0,76","0,76",0,0,"26,49","31,08","18,65","9,17","8,04","5,93","0,64",0,0,"33,44","21,85","19,27","14,91","7,38","3,16",0,0,0,0,,,,,,,,,,,,,,,,,,,,
24,Rio Grande do Norte,2407500,Maxaranguape,Total - Estadual e Municipal,Urbana,"172,62","180,44","235,59","232,33",,,"15,67","19,25","22,5","17,67","12,08","8,42",2,"2,42",0,0,"2,42","10,83","32,5","23,67","26,17",2,"2,42",0,0,0,0,"22,39","12,41","34,06","7,06","17,03","4,14","2,92",0,0,"26,53","17,03","12,89","33,58","2,92","7,06",0,0,0,0,,,,,,,,,,,,,,,,,,,,
24,Rio Grande do Norte,2407500,Maxaranguape,"Total - Federal, Estadual e Municipal",Rural,"173,51","179,32","221,92","216,54",,,"12,91","27,64","19,79","15,96","7,39","8,7","2,08","2,3","0,93","2,3","3,61","18,16","34,36","20,13","12,9","5,09","3,46","1,15","1,15",0,0,"27,64","36,33","14,31","9,76","5,51","6,44",0,0,0,"35,38","23,2","21,06","9,65","8,63","2,07",0,0,0,0,,,,,,,,,,,,,,,,,,,,
24,Rio Grande do Norte,2407500,Maxaranguape,"Total - Federal, Estadual e Municipal",Total,"173,21","179,7","224,92","220,01",,,"13,84","24,8","20,7","16,53","8,98","8,6","2,05","2,34","0,61","1,53","3,21","15,68","33,73","21,32","17,38","4,04","3,11","0,76","0,76",0,0,"26,49","31,08","18,65","9,17","8,04","5,93","0,64",0,0,"33,44","21,85","19,27","14,91","7,38","3,16",0,0,0,0,,,,,,,,,,,,,,,,,,,,
24,Rio Grande do Norte,2407500,Maxaranguape,"Total - Federal, Estadual e Municipal",Urbana,"172,62","180,44","235,59","232,33",,,"15,67","19,25","22,5","17,67","12,08","8,42",2,"2,42",0,0,"2,42","10,83","32,5","23,67","26,17",2,"2,42",0,0,0,0,"22,39","12,41","34,06","7,06","17,03","4,14","2,92",0,0,"26,53","17,03","12,89","33,58","2,92","7,06",0,0,0,0,,,,,,,,,,,,,,,,,,,,
24,Rio Grande do Norte,2407500,Maxaranguape,"Total - Federal, Estadual, Municipal e Privada",Rural,"173,51","179,32","221,92","216,54",,,"12,91","27,64","19,79","15,96","7,39","8,7","2,08","2,3","0,93","2,3","3,61","18,16","34,36","20,13","12,9","5,09","3,46","1,15","1,15",0,0,"27,64","36,33","14,31","9,76","5,51","6,44",0,0,0,"35,38","23,2","21,06","9,65","8,63","2,07",0,0,0,0,,,,,,,,,,,,,,,,,,,,
24,Rio Grande do Norte,2407500,Maxaranguape,"Total - Federal, Estadual, Municipal e Privada",Total,"173,21","179,7","224,92","220,01",,,"13,84","24,8","20,7","16,53","8,98","8,6","2,05","2,34","0,61","1,53","3,21","15,68","33,73","21,32","17,38","4,04","3,11","0,76","0,76",0,0,"26,49","31,08","18,65","9,17","8,04","5,93","0,64",0,0,"33,44","21,85","19,27","14,91","7,38","3,16",0,0,0,0,,,,,,,,,,,,,,,,,,,,
24,Rio Grande do Norte,2407500,Maxaranguape,"Total - Federal, Estadual, Municipal e Privada",Urbana,"172,62","180,44","235,59","232,33",,,"15,67","19,25","22,5","17,67","12,08","8,42",2,"2,42",0,0,"2,42","10,83","32,5","23,67","26,17",2,"2,42",0,0,0,0,"22,39","12,41","34,06","7,06","17,03","4,14","2,92",0,0,"26,53","17,03","12,89","33,58","2,92","7,06",0,0,0,0,,,,,,,,,,,,,,,,,,,,
24,Rio Grande do Norte,2407807,Monte Alegre,Municipal,Rural,"173,21","188,43","247,73","251,62",,,"8,9","28,13","23,03","13,32","15,24","4,1","2,37","3,25",0,"1,67","1,67","15,15","24,06","23,16","17,69","10,41","5,47","2,4",0,0,0,"16,51","14,09","16,09","24,61","18,5","10,2",0,0,0,"10,1","9,68","23,23","26,81","20,08","10,1",0,0,0,0,,,,,,,,,,,,,,,,,,,,
24,Rio Grande do Norte,2407807,Monte Alegre,Municipal,Total,"184,62","193,51","239,7","237,17",,,"6,53","21,93","17,81","17,31","19,22","6,13","5,97","3,23","0,36","1,51","0,99","11,74","20,24","25,93","19,83","12,86","6,74","1,66",0,0,0,"21,81","16,41","17,32","22,67","13,5","6,98","0,44","0,44","0,42","22,81","11,73","22,33","19,87","17,8","5,01","0,44",0,0,0,,,,,,,,,,,,,,,,,,,,
24,Rio Grande do Norte,2407807,Monte Alegre,Municipal,Urbana,"192,94","197,21","237,31","232,87",,,"4,8","17,4",14,"20,22","22,12","7,61","8,6","3,22","0,62","1,4","0,5","9,26","17,46","27,95","21,39","14,66","7,66","1,12",0,0,0,"23,39","17,11","17,69","22,1","12,01","6,02","0,57","0,57","0,55","26,59","12,34","22,06","17,81","17,13","3,5","0,57",0,0,0,,,,,,,,,,,,,,,,,,,,
24,Rio Grande do Norte,2407807,Monte Alegre,Total - Estadual e Municipal,Rural,"173,21","188,43","247,73","251,62",,,"8,9","28,13","23,03","13,32","15,24","4,1","2,37","3,25",0,"1,67","1,67","15,15","24,06","23,16","17,69","10,41","5,47","2,4",0,0,0,"16,51","14,09","16,09","24,61","18,5","10,2",0,0,0,"10,1","9,68","23,23","26,81","20,08","10,1",0,0,0,0,,,,,,,,,,,,,,,,,,,,
24,Rio Grande do Norte,2407807,Monte Alegre,Total - Estadual e Municipal,Total,"184,62","193,51","239,7","237,17",,,"6,53","21,93","17,81","17,31","19,22","6,13","5,97","3,23","0,36","1,51","0,99","11,74","20,24","25,93","19,83","12,86","6,74","1,66",0,0,0,"21,81","16,41","17,32","22,67","13,5","6,98","0,44","0,44","0,42","22,81","11,73","22,33","19,87","17,8","5,01","0,44",0,0,0,,,,,,,,,,,,,,,,,,,,
24,Rio Grande do Norte,2407807,Monte Alegre,Total - Estadual e Municipal,Urbana,"192,94","197,21","237,31","232,87",,,"4,8","17,4",14,"20,22","22,12","7,61","8,6","3,22","0,62","1,4","0,5","9,26","17,46","27,95","21,39","14,66","7,66","1,12",0,0,0,"23,39","17,11","17,69","22,1","12,01","6,02","0,57","0,57","0,55","26,59","12,34","22,06","17,81","17,13","3,5","0,57",0,0,0,,,,,,,,,,,,,,,,,,,,
24,Rio Grande do Norte,2407807,Monte Alegre,"Total - Federal, Estadual e Municipal",Rural,"173,21","188,43","247,73","251,62",,,"8,9","28,13","23,03","13,32","15,24","4,1","2,37","3,25",0,"1,67","1,67","15,15","24,06","23,16","17,69","10,41","5,47","2,4",0,0,0,"16,51","14,09","16,09","24,61","18,5","10,2",0,0,0,"10,1","9,68","23,23","26,81","20,08","10,1",0,0,0,0,,,,,,,,,,,,,,,,,,,,
24,Rio Grande do Norte,2407807,Monte Alegre,"Total - Federal, Estadual e Municipal",Total,"184,62","193,51","239,7","237,17",,,"6,53","21,93","17,81","17,31","19,22","6,13","5,97","3,23","0,36","1,51","0,99","11,74","20,24","25,93","19,83","12,86","6,74","1,66",0,0,0,"21,81","16,41","17,32","22,67","13,5","6,98","0,44","0,44","0,42","22,81","11,73","22,33","19,87","17,8","5,01","0,44",0,0,0,,,,,,,,,,,,,,,,,,,,
24,Rio Grande do Norte,2407807,Monte Alegre,"Total - Federal, Estadual e Municipal",Urbana,"192,94","197,21","237,31","232,87",,,"4,8","17,4",14,"20,22","22,12","7,61","8,6","3,22","0,62","1,4","0,5","9,26","17,46","27,95","21,39","14,66","7,66","1,12",0,0,0,"23,39","17,11","17,69","22,1","12,01","6,02","0,57","0,57","0,55","26,59","12,34","22,06","17,81","17,13","3,5","0,57",0,0,0,,,,,,,,,,,,,,,,,,,,
24,Rio Grande do Norte,2407807,Monte Alegre,"Total - Federal, Estadual, Municipal e Privada",Rural,"173,21","188,43","247,73","251,62",,,"8,9","28,13","23,03","13,32","15,24","4,1","2,37","3,25",0,"1,67","1,67","15,15","24,06","23,16","17,69","10,41","5,47","2,4",0,0,0,"16,51","14,09","16,09","24,61","18,5","10,2",0,0,0,"10,1","9,68","23,23","26,81","20,08","10,1",0,0,0,0,,,,,,,,,,,,,,,,,,,,
24,Rio Grande do Norte,2407807,Monte Alegre,"Total - Federal, Estadual, Municipal e Privada",Total,"184,62","193,51","239,7","237,17",,,"6,53","21,93","17,81","17,31","19,22","6,13","5,97","3,23","0,36","1,51","0,99","11,74","20,24","25,93","19,83","12,86","6,74","1,66",0,0,0,"21,81","16,41","17,32","22,67","13,5","6,98","0,44","0,44","0,42","22,81","11,73","22,33","19,87","17,8","5,01","0,44",0,0,0,,,,,,,,,,,,,,,,,,,,
24,Rio Grande do Norte,2407807,Monte Alegre,"Total - Federal, Estadual, Municipal e Privada",Urbana,"192,94","197,21","237,31","232,87",,,"4,8","17,4",14,"20,22","22,12","7,61","8,6","3,22","0,62","1,4","0,5","9,26","17,46","27,95","21,39","14,66","7,66","1,12",0,0,0,"23,39","17,11","17,69","22,1","12,01","6,02","0,57","0,57","0,55","26,59","12,34","22,06","17,81","17,13","3,5","0,57",0,0,0,,,,,,,,,,,,,,,,,,,,
24,Rio Grande do Norte,2408102,Natal,Estadual,Total,"197,69","206,81","240,85","240,1","263,87","256,64","5,44","11,5","17,84","19,62","16,16","14,35","9,32","3,68","1,87","0,21","1,64","7,47","14,48","22,2","22,14","16,77","8,77","4,95","1,04","0,54",0,"22,76","15,4","17,52","18,6","13,25","8,3","3,18","0,99",0,"20,5","17,58","20,02","18,54","13,35","6,84","2,39","0,63","0,16",0,"27,7","14,85","16,89","16,83","13,31","7,34","2,57","0,51",0,"31,39","15,84","18,32","17,36","10,02","4,79","1,61","0,51","0,14",0,0
24,Rio Grande do Norte,2408102,Natal,Estadual,Urbana,"197,69","206,81","240,85","240,1","263,87","256,64","5,44","11,5","17,84","19,62","16,16","14,35","9,32","3,68","1,87","0,21","1,64","7,47","14,48","22,2","22,14","16,77","8,77","4,95","1,04","0,54",0,"22,76","15,4","17,52","18,6","13,25","8,3","3,18","0,99",0,"20,5","17,58","20,02","18,54","13,35","6,84","2,39","0,63","0,16",0,"27,7","14,85","16,89","16,83","13,31","7,34","2,57","0,51",0,"31,39","15,84","18,32","17,36","10,02","4,79","1,61","0,51","0,14",0,0
24,Rio Grande do Norte,2408102,Natal,Federal,Total,"260,11","284,13",,,"338,52","349,37",0,0,0,"7,14","7,14","7,14",50,"14,29","14,29",0,0,0,0,0,"7,14","7,14","28,57","21,43","14,29","21,43",0,,,,,,,,,,,,,,,,,,,,,,,,,,,,,,,,,,,,,,,
24,Rio Grande do Norte,2408102,Natal,Federal,Urbana,"260,11","284,13",,,"338,52","349,37",0,0,0,"7,14","7,14","7,14",50,"14,29","14,29",0,0,0,0,0,"7,14","7,14","28,57","21,43","14,29","21,43",0,,,,,,,,,,,,,,,,,,,,,,,,,,,,,,,,,,,,,,,
24,Rio Grande do Norte,2408102,Natal,Municipal,Total,"192,33","202,2","241,68","241,08",,,"6,39","13,29","17,9","20,48","17,51","12,97","7,46","2,9","0,91","0,17","1,89","7,95","17,1","22,96","21,47","15,54","8,13","3,71","0,99","0,25",0,"22,06","14,52","18,62","18,58","14,06","7,82","3,57","0,78",0,"19,65","15,53","20,76","21,44","13,73","6,25","1,98","0,52","0,14",0,,,,,,,,,,,,,,,,,,,,
24,Rio Grande do Norte,2408102,Natal,Municipal,Urbana,"192,33","202,2","241,68","241,08",,,"6,39","13,29","17,9","20,48","17,51","12,97","7,46","2,9","0,91","0,17","1,89","7,95","17,1","22,96","21,47","15,54","8,13","3,71","0,99","0,25",0,"22,06","14,52","18,62","18,58","14,06","7,82","3,57","0,78",0,"19,65","15,53","20,76","21,44","13,73","6,25","1,98","0,52","0,14",0,,,,,,,,,,,,,,,,,,,,
24,Rio Grande do Norte,2408102,Natal,Total - Estadual e Municipal,Total,194,"203,63","241,18","240,49","263,87","256,64","6,1","12,74","17,88","20,22","17,09","13,4","8,04","3,14","1,21","0,18","1,81","7,8","16,28","22,72","21,68","15,92","8,33","4,1","1,01","0,34",0,"22,48","15,05","17,96","18,59","13,57","8,11","3,34","0,9",0,"20,16","16,76","20,32","19,7","13,5","6,6","2,23","0,59","0,15",0,"27,7","14,85","16,89","16,83","13,31","7,34","2,57","0,51",0,"31,39","15,84","18,32","17,36","10,02","4,79","1,61","0,51","0,14",0,0
24,Rio Grande do Norte,2408102,Natal,Total - Estadual e Municipal,Urbana,194,"203,63","241,18","240,49","263,87","256,64","6,1","12,74","17,88","20,22","17,09","13,4","8,04","3,14","1,21","0,18","1,81","7,8","16,28","22,72","21,68","15,92","8,33","4,1","1,01","0,34",0,"22,48","15,05","17,96","18,59","13,57","8,11","3,34","0,9",0,"20,16","16,76","20,32","19,7","13,5","6,6","2,23","0,59","0,15",0,"27,7","14,85","16,89","16,83","13,31","7,34","2,57","0,51",0,"31,39","15,84","18,32","17,36","10,02","4,79","1,61","0,51","0,14",0,0
24,Rio Grande do Norte,2408102,Natal,"Total - Federal, Estadual e Municipal",Total,"194,15","203,82","241,18","240,49","277,39","273,43","6,08","12,71","17,84","20,19","17,07","13,39","8,13","3,17","1,24","0,18","1,81","7,78","16,25","22,67","21,65","15,9","8,38","4,14","1,04","0,39",0,"22,48","15,05","17,96","18,59","13,57","8,11","3,34","0,9",0,"20,16","16,76","20,32","19,7","13,5","6,6","2,23","0,59","0,15",0,"27,7","14,85","16,89","16,83","13,31","7,34","2,57","0,51",0,"31,39","15,84","18,32","17,36","10,02","4,79","1,61","0,51","0,14",0,0
24,Rio Grande do Norte,2408102,Natal,"Total - Federal, Estadual e Municipal",Urbana,"194,15","203,82","241,18","240,49","277,39","273,43","6,08","12,71","17,84","20,19","17,07","13,39","8,13","3,17","1,24","0,18","1,81","7,78","16,25","22,67","21,65","15,9","8,38","4,14","1,04","0,39",0,"22,48","15,05","17,96","18,59","13,57","8,11","3,34","0,9",0,"20,16","16,76","20,32","19,7","13,5","6,6","2,23","0,59","0,15",0,"27,7","14,85","16,89","16,83","13,31","7,34","2,57","0,51",0,"31,39","15,84","18,32","17,36","10,02","4,79","1,61","0,51","0,14",0,0
24,Rio Grande do Norte,2408102,Natal,"Total - Federal, Estadual, Municipal e Privada",Total,"194,15","203,82","241,18","240,49","277,39","273,43","6,08","12,71","17,84","20,19","17,07","13,39","8,13","3,17","1,24","0,18","1,81","7,78","16,25","22,67","21,65","15,9","8,38","4,14","1,04","0,39",0,"22,48","15,05","17,96","18,59","13,57","8,11","3,34","0,9",0,"20,16","16,76","20,32","19,7","13,5","6,6","2,23","0,59","0,15",0,"27,7","14,85","16,89","16,83","13,31","7,34","2,57","0,51",0,"31,39","15,84","18,32","17,36","10,02","4,79","1,61","0,51","0,14",0,0
24,Rio Grande do Norte,2408102,Natal,"Total - Federal, Estadual, Municipal e Privada",Urbana,"194,15","203,82","241,18","240,49","277,39","273,43","6,08","12,71","17,84","20,19","17,07","13,39","8,13","3,17","1,24","0,18","1,81","7,78","16,25","22,67","21,65","15,9","8,38","4,14","1,04","0,39",0,"22,48","15,05","17,96","18,59","13,57","8,11","3,34","0,9",0,"20,16","16,76","20,32","19,7","13,5","6,6","2,23","0,59","0,15",0,"27,7","14,85","16,89","16,83","13,31","7,34","2,57","0,51",0,"31,39","15,84","18,32","17,36","10,02","4,79","1,61","0,51","0,14",0,0
24,Rio Grande do Norte,2408201,Nísia Floresta,Estadual,Rural,"165,6","180,05","250,13","246,28",,,"22,28","15,44","25,12","15,74","10,02","9,5","1,9",0,0,0,"7,84","13,83","29,82","18,17","17,02","7,59","3,81","1,9",0,0,0,"19,05","9,52","19,05","23,81","19,05","4,76",0,"4,76",0,"19,05","14,29","19,05","23,81","4,76","9,52","9,52",0,0,0,,,,,,,,,,,,,,,,,,,,
24,Rio Grande do Norte,2408201,Nísia Floresta,Estadual,Total,"170,01","180,14","250,13","246,28",,,"17,66","18,16","21,39","18,4","9,43","13,45","1,51",0,0,0,"7,7","10,97","29,56","21,81","19,42","6,02","3,02","1,51",0,0,0,"19,05","9,52","19,05","23,81","19,05","4,76",0,"4,76",0,"19,05","14,29","19,05","23,81","4,76","9,52","9,52",0,0,0,,,,,,,,,,,,,,,,,,,,
24,Rio Grande do Norte,2408201,Nísia Floresta,Estadual,Urbana,"186,83","180,49",,,,,0,"28,57","7,14","28,57","7,14","28,57",0,0,0,0,"7,14",0,"28,57","35,71","28,57",0,0,0,0,0,0,,,,,,,,,,,,,,,,,,,,,,,,,,,,,,,,,,,,,,,
24,Rio Grande do Norte,2408201,Nísia Floresta,Municipal,Rural,"172,42","183,04","224,31","229,66",,,"19,96","15,98","17,7","14,28","14,64","9,6","7,12","0,72",0,0,"8,28","17,03","17,06","24,74","13,15","13,43","4,96","0,63","0,72",0,0,"35,26","19,87","10,26","14,74","10,26","9,62",0,0,0,"25,64","15,38","19,23","34,62",0,"5,13",0,0,0,0,,,,,,,,,,,,,,,,,,,,
24,Rio Grande do Norte,2408201,Nísia Floresta,Municipal,Total,"175,1","187,18","242,01","241,44",,,"14,82","18,38","19,95","15,82","14,07","10,66","4,79","1,51",0,0,"4,7","16,26","17,85","26,56","15,34","12,34","5,7","0,58","0,67",0,0,"21,77","16,36","14,42","20,79","16,89","7,32","1,15","1,3",0,"19,79","16,88","18,12","21,92","15,74","5,52","1,1","0,92",0,0,,,,,,,,,,,,,,,,,,,,
24,Rio Grande do Norte,2408201,Nísia Floresta,Municipal,Urbana,"177,34","190,65","243,66","242,54",,,"10,52","20,39","21,84","17,11","13,58","11,54","2,85","2,17",0,0,"1,7","15,61","18,52","28,09","17,17","11,43","6,32","0,54","0,62",0,0,"20,51","16,03","14,81","21,36","17,51","7,11","1,25","1,42",0,"19,25","17,02","18,02","20,74","17,2","5,56","1,21","1,01",0,0,,,,,,,,,,,,,,,,,,,,
24,Rio Grande do Norte,2408201,Nísia Floresta,Total - Estadual e Municipal,Rural,"170,4","182,15","236,15","237,28",,,"20,65","15,82","19,9","14,72","13,27","9,57","5,57","0,5",0,0,"8,15","16,08","20,84","22,79","14,3","11,7","4,62","1,01","0,51",0,0,"27,83","15,13","14,29","18,9","14,29","7,39",0,"2,18",0,"22,62","14,88","19,15","29,66","2,18","7,14","4,37",0,0,0,,,,,,,,,,,,,,,,,,,,
24,Rio Grande do Norte,2408201,Nísia Floresta,Total - Estadual e Municipal,Total,"174,11","185,81","242,56","241,77",,,"15,37","18,34","20,23","16,33","13,16","11,2","4,15","1,22",0,0,"5,28","15,22","20,14","25,63","16,14","11,11","5,17","0,76","0,54",0,0,"21,58","15,9","14,73",21,"17,04","7,15","1,07","1,54",0,"19,74","16,7","18,18","22,05",15,"5,79","1,67","0,86",0,0,,,,,,,,,,,,,,,,,,,,
24,Rio Grande do Norte,2408201,Nísia Floresta,Total - Estadual e Municipal,Urbana,"178,14","189,79","243,66","242,54",,,"9,63","21,08","20,59","18,08","13,04","12,98","2,61","1,99",0,0,"2,16","14,29","19,37","28,73","18,14","10,47","5,78","0,5","0,57",0,0,"20,51","16,03","14,81","21,36","17,51","7,11","1,25","1,42",0,"19,25","17,02","18,02","20,74","17,2","5,56","1,21","1,01",0,0,,,,,,,,,,,,,,,,,,,,
24,Rio Grande do Norte,2408201,Nísia Floresta,"Total - Federal, Estadual e Municipal",Rural,"170,4","182,15","236,15","237,28",,,"20,65","15,82","19,9","14,72","13,27","9,57","5,57","0,5",0,0,"8,15","16,08","20,84","22,79","14,3","11,7","4,62","1,01","0,51",0,0,"27,83","15,13","14,29","18,9","14,29","7,39",0,"2,18",0,"22,62","14,88","19,15","29,66","2,18","7,14","4,37",0,0,0,,,,,,,,,,,,,,,,,,,,
24,Rio Grande do Norte,2408201,Nísia Floresta,"Total - Federal, Estadual e Municipal",Total,"174,11","185,81","242,56","241,77",,,"15,37","18,34","20,23","16,33","13,16","11,2","4,15","1,22",0,0,"5,28","15,22","20,14","25,63","16,14","11,11","5,17","0,76","0,54",0,0,"21,58","15,9","14,73",21,"17,04","7,15","1,07","1,54",0,"19,74","16,7","18,18","22,05",15,"5,79","1,67","0,86",0,0,,,,,,,,,,,,,,,,,,,,
24,Rio Grande do Norte,2408201,Nísia Floresta,"Total - Federal, Estadual e Municipal",Urbana,"178,14","189,79","243,66","242,54",,,"9,63","21,08","20,59","18,08","13,04","12,98","2,61","1,99",0,0,"2,16","14,29","19,37","28,73","18,14","10,47","5,78","0,5","0,57",0,0,"20,51","16,03","14,81","21,36","17,51","7,11","1,25","1,42",0,"19,25","17,02","18,02","20,74","17,2","5,56","1,21","1,01",0,0,,,,,,,,,,,,,,,,,,,,
24,Rio Grande do Norte,2408201,Nísia Floresta,"Total - Federal, Estadual, Municipal e Privada",Rural,"170,4","182,15","236,15","237,28",,,"20,65","15,82","19,9","14,72","13,27","9,57","5,57","0,5",0,0,"8,15","16,08","20,84","22,79","14,3","11,7","4,62","1,01","0,51",0,0,"27,83","15,13","14,29","18,9","14,29","7,39",0,"2,18",0,"22,62","14,88","19,15","29,66","2,18","7,14","4,37",0,0,0,,,,,,,,,,,,,,,,,,,,
24,Rio Grande do Norte,2408201,Nísia Floresta,"Total - Federal, Estadual, Municipal e Privada",Total,"174,11","185,81","242,56","241,77",,,"15,37","18,34","20,23","16,33","13,16","11,2","4,15","1,22",0,0,"5,28","15,22","20,14","25,63","16,14","11,11","5,17","0,76","0,54",0,0,"21,58","15,9","14,73",21,"17,04","7,15","1,07","1,54",0,"19,74","16,7","18,18","22,05",15,"5,79","1,67","0,86",0,0,,,,,,,,,,,,,,,,,,,,
24,Rio Grande do Norte,2408201,Nísia Floresta,"Total - Federal, Estadual, Municipal e Privada",Urbana,"178,14","189,79","243,66","242,54",,,"9,63","21,08","20,59","18,08","13,04","12,98","2,61","1,99",0,0,"2,16","14,29","19,37","28,73","18,14","10,47","5,78","0,5","0,57",0,0,"20,51","16,03","14,81","21,36","17,51","7,11","1,25","1,42",0,"19,25","17,02","18,02","20,74","17,2","5,56","1,21","1,01",0,0,,,,,,,,,,,,,,,,,,,,
24,Rio Grande do Norte,2403251,Parnamirim,Estadual,Total,"174,13","193,71","241,53","239,86","268,75","266,91","5,2","22,62","26,54","25,31","8,91","4,91","5,19","1,31",0,0,"3,92","3,8","29,3","21,23","21,43","12,61","3,8","2,6",0,"1,31",0,"21,68","15,07","19,85","17,64","13,14","8,79","3,54","0,3",0,"23,7","14,74","19,32","17,57","13,64","6,26","4,04","0,47","0,26",0,"22,73","13,44","18,71","17,63","16,71","8,08","2,68",0,0,"23,47","13,6","19,07","19,07","15,11","7,05","2,27","0,25","0,11",0,0
24,Rio Grande do Norte,2403251,Parnamirim,Estadual,Urbana,"174,13","193,71","242,46","240,38","270,67","268,37","5,2","22,62","26,54","25,31","8,91","4,91","5,19","1,31",0,0,"3,92","3,8","29,3","21,23","21,43","12,61","3,8","2,6",0,"1,31",0,"21,52","14,92","18,92","18,04","13,43","8,98","3,87","0,33",0,"24,04","13,34","20,18","16,74","14,27","6,53","4,1","0,51","0,28",0,"21,99","13,07","18,04","18,25","17,26","8,48","2,91",0,0,"22,96","13,09","19,09","18,71","15,78","7,65","2,31","0,27","0,12",0,0
24,Rio Grande do Norte,2403251,Parnamirim,Municipal,Total,"199,09","205,16","248,19","247,51",,,"5,07","10,65","16,49","19,76","17,7","15,82","8,54","4,46","1,46","0,05","1,8","6,46","16,03","23,53","21,65","15,63","8,87","4,3","1,43","0,3",0,"18,02","15,15","15,02","19,61","17,69","9,65",4,"0,86",0,"17,71","13,98","20,13","19,37","15,31","8,31","3,67",1,"0,5",0,,,,,,,,,,,,,,,,,,,,
24,Rio Grande do Norte,2403251,Parnamirim,Municipal,Urbana,"199,09","205,16","248,19","247,51",,,"5,07","10,65","16,49","19,76","17,7","15,82","8,54","4,46","1,46","0,05","1,8","6,46","16,03","23,53","21,65","15,63","8,87","4,3","1,43","0,3",0,"18,02","15,15","15,02","19,61","17,69","9,65",4,"0,86",0,"17,71","13,98","20,13","19,37","15,31","8,31","3,67",1,"0,5",0,,,,,,,,,,,,,,,,,,,,
24,Rio Grande do Norte,2403251,Parnamirim,Total - Estadual e Municipal,Total,198,"204,67","246,58","245,66","268,75","266,91","5,08","11,17","16,92",20,"17,32","15,34","8,4","4,32","1,4","0,05","1,89","6,34","16,6","23,43","21,64","15,5","8,65","4,23","1,37","0,35",0,"18,91","15,13","16,19","19,13","16,59","9,44","3,89","0,72",0,"19,16","14,16","19,94","18,94","14,91","7,82","3,76","0,87","0,44",0,"22,73","13,44","18,71","17,63","16,71","8,08","2,68",0,0,"23,47","13,6","19,07","19,07","15,11","7,05","2,27","0,25","0,11",0,0
24,Rio Grande do Norte,2403251,Parnamirim,Total - Estadual e Municipal,Urbana,198,"204,67","246,9","245,9","270,67","268,37","5,08","11,17","16,92",20,"17,32","15,34","8,4","4,32","1,4","0,05","1,89","6,34","16,6","23,43","21,64","15,5","8,65","4,23","1,37","0,35",0,"18,81","15,1","15,9","19,25","16,72","9,5","3,97","0,74",0,"19,14","13,84","20,14","18,78","15,08","7,91","3,77","0,89","0,45",0,"21,99","13,07","18,04","18,25","17,26","8,48","2,91",0,0,"22,96","13,09","19,09","18,71","15,78","7,65","2,31","0,27","0,12",0,0
24,Rio Grande do Norte,2403251,Parnamirim,"Total - Federal, Estadual e Municipal",Total,198,"204,67","246,58","245,66","279,64","281,3","5,08","11,17","16,92",20,"17,32","15,34","8,4","4,32","1,4","0,05","1,89","6,34","16,6","23,43","21,64","15,5","8,65","4,23","1,37","0,35",0,"18,91","15,13","16,19","19,13","16,59","9,44","3,89","0,72",0,"19,16","14,16","19,94","18,94","14,91","7,82","3,76","0,87","0,44",0,"22,73","13,44","18,71","17,63","16,71","8,08","2,68",0,0,"23,47","13,6","19,07","19,07","15,11","7,05","2,27","0,25","0,11",0,0
24,Rio Grande do Norte,2403251,Parnamirim,"Total - Federal, Estadual e Municipal",Urbana,198,"204,67","246,9","245,9","281,93","283,43","5,08","11,17","16,92",20,"17,32","15,34","8,4","4,32","1,4","0,05","1,89","6,34","16,6","23,43","21,64","15,5","8,65","4,23","1,37","0,35",0,"18,81","15,1","15,9","19,25","16,72","9,5","3,97","0,74",0,"19,14","13,84","20,14","18,78","15,08","7,91","3,77","0,89","0,45",0,"21,99","13,07","18,04","18,25","17,26","8,48","2,91",0,0,"22,96","13,09","19,09","18,71","15,78","7,65","2,31","0,27","0,12",0,0
24,Rio Grande do Norte,2403251,Parnamirim,"Total - Federal, Estadual, Municipal e Privada",Total,198,"204,67","246,58","245,66","279,64","281,3","5,08","11,17","16,92",20,"17,32","15,34","8,4","4,32","1,4","0,05","1,89","6,34","16,6","23,43","21,64","15,5","8,65","4,23","1,37","0,35",0,"18,91","15,13","16,19","19,13","16,59","9,44","3,89","0,72",0,"19,16","14,16","19,94","18,94","14,91","7,82","3,76","0,87","0,44",0,"22,73","13,44","18,71","17,63","16,71","8,08","2,68",0,0,"23,47","13,6","19,07","19,07","15,11","7,05","2,27","0,25","0,11",0,0
24,Rio Grande do Norte,2403251,Parnamirim,"Total - Federal, Estadual, Municipal e Privada",Urbana,198,"204,67","246,9","245,9","281,93","283,43","5,08","11,17","16,92",20,"17,32","15,34","8,4","4,32","1,4","0,05","1,89","6,34","16,6","23,43","21,64","15,5","8,65","4,23","1,37","0,35",0,"18,81","15,1","15,9","19,25","16,72","9,5","3,97","0,74",0,"19,14","13,84","20,14","18,78","15,08","7,91","3,77","0,89","0,45",0,"21,99","13,07","18,04","18,25","17,26","8,48","2,91",0,0,"22,96","13,09","19,09","18,71","15,78","7,65","2,31","0,27","0,12",0,0
24,Rio Grande do Norte,2412005,São Gonçalo do Amarante,Estadual,Total,"179,96","186,38","232,07","231,87","248,04","236,85","11,06","14,86","21,2","19,01","19,77","8,37","3,48","2,26",0,0,"7,28","8,45","29,27","19,71","21,96","6,91","5,22",0,0,"1,18",0,"26,36","15,22","26,14","15,85","10,95","3,42","2,06",0,0,"23,75","23,29","17,55","19,23","10,61","4,3","1,27",0,0,0,"36,28","23,2","16,88","13,29","6,79","2,19","1,14","0,23",0,"48,15","18,37","16,25","9,48","5,06","2,47","0,22",0,0,0,0
24,Rio Grande do Norte,2412005,São Gonçalo do Amarante,Estadual,Urbana,"179,96","186,38","232,07","231,87","249,81","238,46","11,06","14,86","21,2","19,01","19,77","8,37","3,48","2,26",0,0,"7,28","8,45","29,27","19,71","21,96","6,91","5,22",0,0,"1,18",0,"26,36","15,22","26,14","15,85","10,95","3,42","2,06",0,0,"23,75","23,29","17,55","19,23","10,61","4,3","1,27",0,0,0,"36,16","20,99","17,83","13,83","7,23","2,43","1,27","0,26",0,"47,43","17,56","16,79","9,6","5,63","2,75","0,24",0,0,0,0
24,Rio Grande do Norte,2412005,São Gonçalo do Amarante,Municipal,Rural,"176,29","187,07","228,42","227,42",,,"14,1","19,07","20,27","17,11","11,58","10,24","5,01","1,88","0,73",0,"5,07","12,69","22,79","25,77","16,36","9,94","6,25","0,68","0,25","0,21",0,"26,22","21,1","22,31","15,39","8,34","4,97","1,25","0,42",0,"27,11","20,69","20,99","16,17","11,79","2,87","0,39",0,0,0,,,,,,,,,,,,,,,,,,,,
24,Rio Grande do Norte,2412005,São Gonçalo do Amarante,Municipal,Total,"178,46","191,27","230,1","229,43",,,"11,58","18,93","21,28","16,74","13,85","10,71","4,98","1,36","0,47","0,1","3,18","10,37","22,42","25,75","19,02","11,62","5,28","1,67","0,5","0,18",0,"24,88","21,77","20,99","16,77","9,43","4,7","1,09","0,36",0,24,"21,85","22,1","17,88","11,06","2,58","0,53",0,0,0,,,,,,,,,,,,,,,,,,,,
24,Rio Grande do Norte,2412005,São Gonçalo do Amarante,Municipal,Urbana,"179,87","193,99","231,38","230,96",,,"9,95","18,84","21,94","16,5","15,31","11,02","4,95","1,02","0,3","0,16","1,96","8,86","22,19","25,73","20,75","12,7","4,66","2,32","0,66","0,16",0,"23,85","22,28","19,98","17,83","10,27","4,5","0,97","0,32",0,"21,64","22,73","22,94","19,19","10,51","2,35","0,64",0,0,0,,,,,,,,,,,,,,,,,,,,
24,Rio Grande do Norte,2412005,São Gonçalo do Amarante,Total - Estadual e Municipal,Rural,"176,29","187,07","228,42","227,42",,,"14,1","19,07","20,27","17,11","11,58","10,24","5,01","1,88","0,73",0,"5,07","12,69","22,79","25,77","16,36","9,94","6,25","0,68","0,25","0,21",0,"26,22","21,1","22,31","15,39","8,34","4,97","1,25","0,42",0,"27,11","20,69","20,99","16,17","11,79","2,87","0,39",0,0,0,,,,,,,,,,,,,,,,,,,,
24,Rio Grande do Norte,2412005,São Gonçalo do Amarante,Total - Estadual e Municipal,Total,"178,57","190,92","230,65","230,11","248,04","236,85","11,55","18,64","21,28","16,9","14,28","10,54","4,87","1,42","0,44","0,09","3,48","10,23","22,92","25,31","19,23","11,28","5,28","1,55","0,46","0,26",0,"25,29","19,94","22,43","16,52","9,86","4,34","1,36","0,26",0,"23,93","22,25","20,83","18,26","10,94","3,06","0,74",0,0,0,"36,28","23,2","16,88","13,29","6,79","2,19","1,14","0,23",0,"48,15","18,37","16,25","9,48","5,06","2,47","0,22",0,0,0,0
24,Rio Grande do Norte,2412005,São Gonçalo do Amarante,Total - Estadual e Municipal,Urbana,"179,88","193,12","231,66","231,33","249,81","238,46","10,08","18,39","21,86","16,79","15,82","10,72","4,78","1,16","0,27","0,14","2,57","8,82",23,"25,05","20,88","12,04","4,73","2,05","0,58","0,28",0,"24,87","19,42","22,48","17,03","10,54","4,06","1,41","0,19",0,"22,5","22,96","20,76","19,21","10,55","3,14","0,89",0,0,0,"36,16","20,99","17,83","13,83","7,23","2,43","1,27","0,26",0,"47,43","17,56","16,79","9,6","5,63","2,75","0,24",0,0,0,0
24,Rio Grande do Norte,2412005,São Gonçalo do Amarante,"Total - Federal, Estadual e Municipal",Rural,"176,29","187,07","228,42","227,42",,,"14,1","19,07","20,27","17,11","11,58","10,24","5,01","1,88","0,73",0,"5,07","12,69","22,79","25,77","16,36","9,94","6,25","0,68","0,25","0,21",0,"26,22","21,1","22,31","15,39","8,34","4,97","1,25","0,42",0,"27,11","20,69","20,99","16,17","11,79","2,87","0,39",0,0,0,,,,,,,,,,,,,,,,,,,,
24,Rio Grande do Norte,2412005,São Gonçalo do Amarante,"Total - Federal, Estadual e Municipal",Total,"178,57","190,92","230,65","230,11","267,89","261,61","11,55","18,64","21,28","16,9","14,28","10,54","4,87","1,42","0,44","0,09","3,48","10,23","22,92","25,31","19,23","11,28","5,28","1,55","0,46","0,26",0,"25,29","19,94","22,43","16,52","9,86","4,34","1,36","0,26",0,"23,93","22,25","20,83","18,26","10,94","3,06","0,74",0,0,0,"36,28","23,2","16,88","13,29","6,79","2,19","1,14","0,23",0,"48,15","18,37","16,25","9,48","5,06","2,47","0,22",0,0,0,0
24,Rio Grande do Norte,2412005,São Gonçalo do Amarante,"Total - Federal, Estadual e Municipal",Urbana,"179,88","193,12","231,66","231,33","270,65","264,63","10,08","18,39","21,86","16,79","15,82","10,72","4,78","1,16","0,27","0,14","2,57","8,82",23,"25,05","20,88","12,04","4,73","2,05","0,58","0,28",0,"24,87","19,42","22,48","17,03","10,54","4,06","1,41","0,19",0,"22,5","22,96","20,76","19,21","10,55","3,14","0,89",0,0,0,"36,16","20,99","17,83","13,83","7,23","2,43","1,27","0,26",0,"47,43","17,56","16,79","9,6","5,63","2,75","0,24",0,0,0,0
24,Rio Grande do Norte,2412005,São Gonçalo do Amarante,"Total - Federal, Estadual, Municipal e Privada",Rural,"176,29","187,07","228,42","227,42",,,"14,1","19,07","20,27","17,11","11,58","10,24","5,01","1,88","0,73",0,"5,07","12,69","22,79","25,77","16,36","9,94","6,25","0,68","0,25","0,21",0,"26,22","21,1","22,31","15,39","8,34","4,97","1,25","0,42",0,"27,11","20,69","20,99","16,17","11,79","2,87","0,39",0,0,0,,,,,,,,,,,,,,,,,,,,
24,Rio Grande do Norte,2412005,São Gonçalo do Amarante,"Total - Federal, Estadual, Municipal e Privada",Total,"178,57","190,92","230,65","230,11","267,89","261,61","11,55","18,64","21,28","16,9","14,28","10,54","4,87","1,42","0,44","0,09","3,48","10,23","22,92","25,31","19,23","11,28","5,28","1,55","0,46","0,26",0,"25,29","19,94","22,43","16,52","9,86","4,34","1,36","0,26",0,"23,93","22,25","20,83","18,26","10,94","3,06","0,74",0,0,0,"36,28","23,2","16,88","13,29","6,79","2,19","1,14","0,23",0,"48,15","18,37","16,25","9,48","5,06","2,47","0,22",0,0,0,0
24,Rio Grande do Norte,2412005,São Gonçalo do Amarante,"Total - Federal, Estadual, Municipal e Privada",Urbana,"179,88","193,12","231,66","231,33","270,65","264,63","10,08","18,39","21,86","16,79","15,82","10,72","4,78","1,16","0,27","0,14","2,57","8,82",23,"25,05","20,88","12,04","4,73","2,05","0,58","0,28",0,"24,87","19,42","22,48","17,03","10,54","4,06","1,41","0,19",0,"22,5","22,96","20,76","19,21","10,55","3,14","0,89",0,0,0,"36,16","20,99","17,83","13,83","7,23","2,43","1,27","0,26",0,"47,43","17,56","16,79","9,6","5,63","2,75","0,24",0,0,0,0
24,Rio Grande do Norte,2412203,São José de Mipibu,Estadual,Rural,"190,31","202,71",,,"250,86","237,22",0,"23,08","30,77","7,69","7,69","15,38","15,38",0,0,0,0,0,"30,77","15,38","30,77","15,38",0,"7,69",0,0,0,,,,,,,,,,,,,,,,,,,,"37,82","12,82","24,04","6,6","9,55","9,17",0,0,0,"35,71","34,49","13,65","9,55","4,55","2,05",0,0,0,0,0
24,Rio Grande do Norte,2412203,São José de Mipibu,Estadual,Total,"202,23","210,01","223,79","226,97","246,78","236,51","4,75","11,93","13,18","19,32","23,03","8,53","12,09","4,81","2,37",0,0,"3,57","14,37","25,4","19,31","24,22","4,81","4,76","3,56",0,0,"36,63","16,83","19,33","12,67","8,4","3,75","2,4",0,0,"29,94","18,08","18,71","19,94","8,98","3,97","0,38",0,0,0,"35,3","24,38","13,45","11,86","10,2","3,96","0,35","0,49",0,"43,83","21,12","16,33","11,41","4,94","2,38",0,0,0,0,0
24,Rio Grande do Norte,2412203,São José de Mipibu,Estadual,Urbana,"204,44","211,36","225,27","227,82","245,99","236,38","5,63","9,86","9,92","21,48","25,87","7,26","11,48","5,71","2,81",0,0,"4,23","11,33","27,25","17,19","25,86","5,7","4,22","4,22",0,0,"35,18","17,4","20,06","11,85","8,96","3,99","2,56",0,0,"29,71","18,18","17,18","20,72","9,58","4,24","0,4",0,0,0,"34,79","26,74","11,3","12,93","10,34","2,9","0,42","0,59",0,"45,48","18,4","16,87","11,78","5,02","2,45",0,0,0,0,0
24,Rio Grande do Norte,2412203,São José de Mipibu,Municipal,Rural,"173,75","181,6","246,18","241,37",,,"15,04","20,98","19,4","15,95","13,38","8,94","4,95","0,55","0,53","0,28","8,8","13,5","24,15","24,45","15,68","7,98","3,1","2,07","0,27",0,0,"17,46","18,15","19,43","14,02","18,29","7,41","4,42","0,83",0,"20,8","18,49","21,05","16,91","10,28","6,52","4,28","0,83","0,83",0,,,,,,,,,,,,,,,,,,,,
24,Rio Grande do Norte,2412203,São José de Mipibu,Municipal,Total,"175,7","185,83","240,93","238,64",,,"13,5","19,64","21,02","17,4","12,64","8,24","6,19","0,51","0,7","0,17","6,86","12,96","23,17","23,64","15,41","11,02","4,51","1,97","0,45",0,0,"19,74","18,67","22,14","12,82","14,83","6,52","4,11","1,17",0,"21,94","20,33","18,31","16,31",12,"6,81","3,23","0,53","0,53",0,,,,,,,,,,,,,,,,,,,,
24,Rio Grande do Norte,2412203,São José de Mipibu,Municipal,Urbana,"178,69","192,32",,,,,"11,14","17,58","23,48","19,61","11,52","7,15","8,09","0,46","0,96",0,"3,89","12,15","21,66","22,4",15,"15,69","6,66","1,82","0,73",0,0,,,,,,,,,,,,,,,,,,,,,,,,,,,,,,,,,,,,,,,
24,Rio Grande do Norte,2412203,São José de Mipibu,Total - Estadual e Municipal,Rural,"174,32","182,33","241,92","238,78","250,86","237,22","14,52","21,06","19,8","15,66","13,18","9,17","5,31","0,53","0,51","0,27","8,5","13,03","24,38","24,14","16,2","8,24",3,"2,26","0,26",0,0,"21,35","17,21","18,37","15,06","16,55","6,7",4,"0,75",0,"21,99","18,31","23,02","16,1","9,3","5,9","3,87","0,75","0,75",0,"37,82","12,82","24,04","6,6","9,55","9,17",0,0,0,"35,71","34,49","13,65","9,55","4,55","2,05",0,0,0,0,0
24,Rio Grande do Norte,2412203,São José de Mipibu,Total - Estadual e Municipal,Total,"178,94","188,78","232,05","232,59","246,78","236,51","12,43","18,7","20,06","17,63","13,91","8,27","6,91","1,04","0,9","0,15","6,02","11,82","22,09","23,86","15,89","12,63","4,55","2,31","0,83",0,0,"28,49","17,72","20,68","12,74","11,5","5,08","3,22","0,57",0,"26,09","19,16","18,52","18,19","10,44","5,34","1,75","0,26","0,26",0,"35,3","24,38","13,45","11,86","10,2","3,96","0,35","0,49",0,"43,83","21,12","16,33","11,41","4,94","2,38",0,0,0,0,0
24,Rio Grande do Norte,2412203,São José de Mipibu,Total - Estadual e Municipal,Urbana,"184,58","196,68","226,96","229,4","245,99","236,38","9,88","15,82","20,38","20,04","14,8","7,18","8,87","1,66","1,38",0,3,"10,34","19,3","23,51","15,5","18,02","6,44","2,37","1,53",0,0,"32,17","17,98","21,88","11,54","8,89","4,24","2,82","0,47",0,"28,19","19,6","16,2","19,27","11,02","5,05","0,66",0,0,0,"34,79","26,74","11,3","12,93","10,34","2,9","0,42","0,59",0,"45,48","18,4","16,87","11,78","5,02","2,45",0,0,0,0,0
24,Rio Grande do Norte,2412203,São José de Mipibu,"Total - Federal, Estadual e Municipal",Rural,"174,32","182,33","241,92","238,78","250,86","237,22","14,52","21,06","19,8","15,66","13,18","9,17","5,31","0,53","0,51","0,27","8,5","13,03","24,38","24,14","16,2","8,24",3,"2,26","0,26",0,0,"21,35","17,21","18,37","15,06","16,55","6,7",4,"0,75",0,"21,99","18,31","23,02","16,1","9,3","5,9","3,87","0,75","0,75",0,"37,82","12,82","24,04","6,6","9,55","9,17",0,0,0,"35,71","34,49","13,65","9,55","4,55","2,05",0,0,0,0,0
24,Rio Grande do Norte,2412203,São José de Mipibu,"Total - Federal, Estadual e Municipal",Total,"178,94","188,78","232,05","232,59","246,78","236,51","12,43","18,7","20,06","17,63","13,91","8,27","6,91","1,04","0,9","0,15","6,02","11,82","22,09","23,86","15,89","12,63","4,55","2,31","0,83",0,0,"28,49","17,72","20,68","12,74","11,5","5,08","3,22","0,57",0,"26,09","19,16","18,52","18,19","10,44","5,34","1,75","0,26","0,26",0,"35,3","24,38","13,45","11,86","10,2","3,96","0,35","0,49",0,"43,83","21,12","16,33","11,41","4,94","2,38",0,0,0,0,0
24,Rio Grande do Norte,2412203,São José de Mipibu,"Total - Federal, Estadual e Municipal",Urbana,"184,58","196,68","226,96","229,4","245,99","236,38","9,88","15,82","20,38","20,04","14,8","7,18","8,87","1,66","1,38",0,3,"10,34","19,3","23,51","15,5","18,02","6,44","2,37","1,53",0,0,"32,17","17,98","21,88","11,54","8,89","4,24","2,82","0,47",0,"28,19","19,6","16,2","19,27","11,02","5,05","0,66",0,0,0,"34,79","26,74","11,3","12,93","10,34","2,9","0,42","0,59",0,"45,48","18,4","16,87","11,78","5,02","2,45",0,0,0,0,0
24,Rio Grande do Norte,2412203,São José de Mipibu,"Total - Federal, Estadual, Municipal e Privada",Rural,"174,32","182,33","241,92","238,78","250,86","237,22","14,52","21,06","19,8","15,66","13,18","9,17","5,31","0,53","0,51","0,27","8,5","13,03","24,38","24,14","16,2","8,24",3,"2,26","0,26",0,0,"21,35","17,21","18,37","15,06","16,55","6,7",4,"0,75",0,"21,99","18,31","23,02","16,1","9,3","5,9","3,87","0,75","0,75",0,"37,82","12,82","24,04","6,6","9,55","9,17",0,0,0,"35,71","34,49","13,65","9,55","4,55","2,05",0,0,0,0,0
24,Rio Grande do Norte,2412203,São José de Mipibu,"Total - Federal, Estadual, Municipal e Privada",Total,"178,94","188,78","232,05","232,59","246,78","236,51","12,43","18,7","20,06","17,63","13,91","8,27","6,91","1,04","0,9","0,15","6,02","11,82","22,09","23,86","15,89","12,63","4,55","2,31","0,83",0,0,"28,49","17,72","20,68","12,74","11,5","5,08","3,22","0,57",0,"26,09","19,16","18,52","18,19","10,44","5,34","1,75","0,26","0,26",0,"35,3","24,38","13,45","11,86","10,2","3,96","0,35","0,49",0,"43,83","21,12","16,33","11,41","4,94","2,38",0,0,0,0,0
24,Rio Grande do Norte,2412203,São José de Mipibu,"Total - Federal, Estadual, Municipal e Privada",Urbana,"184,58","196,68","226,96","229,4","245,99","236,38","9,88","15,82","20,38","20,04","14,8","7,18","8,87","1,66","1,38",0,3,"10,34","19,3","23,51","15,5","18,02","6,44","2,37","1,53",0,0,"32,17","17,98","21,88","11,54","8,89","4,24","2,82","0,47",0,"28,19","19,6","16,2","19,27","11,02","5,05","0,66",0,0,0,"34,79","26,74","11,3","12,93","10,34","2,9","0,42","0,59",0,"45,48","18,4","16,87","11,78","5,02","2,45",0,0,0,0,0
24,Rio Grande do Norte,2414803,Vera Cruz,Estadual,Rural,"176,51","181,98",,,,,"6,25","28,13","6,25","34,38","15,63","9,38",0,0,0,0,"3,13","15,63",25,"21,88",25,"9,38",0,0,0,0,0,,,,,,,,,,,,,,,,,,,,,,,,,,,,,,,,,,,,,,,
24,Rio Grande do Norte,2414803,Vera Cruz,Estadual,Total,"176,51","181,98",,,,,"6,25","28,13","6,25","34,38","15,63","9,38",0,0,0,0,"3,13","15,63",25,"21,88",25,"9,38",0,0,0,0,0,,,,,,,,,,,,,,,,,,,,,,,,,,,,,,,,,,,,,,,
24,Rio Grande do Norte,2414803,Vera Cruz,Municipal,Rural,"170,24","180,86","226,12","232,19",,,"15,17","20,87","22,01","17,41","13,06","7,65","3,83",0,0,0,"8,18","14,44","24,39","16,99","22,03","10,28","2,46","1,23",0,0,0,"22,22","34,37","13,13","19,17","11,11",0,0,0,0,"24,76","32,81","13,65","10,59","13,65","2,53",0,"2,01",0,0,,,,,,,,,,,,,,,,,,,,
24,Rio Grande do Norte,2414803,Vera Cruz,Municipal,Total,"169,63","180,77","221,69","224,85",,,"14,57","24,26","23,04","14,36",12,"5,71","4,45","1,09","0,52",0,"6,85","18,29","21,24","20,74","18,8","9,14","3,27","1,66",0,0,0,"31,22","27,66","12,93","17,12","7,73","3,34",0,0,0,"32,48","26,88","13,27","10,81","9,85","4,6","1,11",1,0,0,,,,,,,,,,,,,,,,,,,,
24,Rio Grande do Norte,2414803,Vera Cruz,Municipal,Urbana,"169,09","180,69","217,34","217,64",,,"14,05","27,24","23,95","11,68","11,08",4,"4,99","2,04","0,97",0,"5,68","21,68","18,47","24,04","15,97","8,14","3,98","2,04",0,0,0,"40,07","21,05","12,73","15,11","4,41","6,62",0,0,0,"40,07","21,05","12,9","11,03","6,11","6,62","2,21",0,0,0,,,,,,,,,,,,,,,,,,,,
24,Rio Grande do Norte,2414803,Vera Cruz,Total - Estadual e Municipal,Rural,"172,08","181,19","224,02","234,65",,,"12,55",23,"17,39","22,39","13,81","8,16","2,7",0,0,0,"6,7","14,79","24,57","18,42","22,9","10,02","1,74","0,87",0,0,0,"27,77","29,44","13,03","20,6","9,16",0,0,0,0,"19,8","31,23","14,68","16,96","13,33","2,82",0,"1,17",0,0,,,,,,,,,,,,,,,,,,,,
24,Rio Grande do Norte,2414803,Vera Cruz,Total - Estadual e Municipal,Total,"170,75","180,97","221,54","228,32",,,"13,22","24,89","20,31","17,61","12,59","6,3","3,72","0,91","0,43",0,"6,25","17,86","21,85","20,93","19,81","9,18","2,74","1,39",0,0,0,"32,34","26,32","12,92","18,56","7,4","2,46",0,0,0,"27,33","27,45","14,02","14,75","10,65","4,24","0,82","0,74",0,0,,,,,,,,,,,,,,,,,,,,
24,Rio Grande do Norte,2414803,Vera Cruz,Total - Estadual e Municipal,Urbana,"169,09","180,69","217,34","217,64",,,"14,05","27,24","23,95","11,68","11,08",4,"4,99","2,04","0,97",0,"5,68","21,68","18,47","24,04","15,97","8,14","3,98","2,04",0,0,0,"40,07","21,05","12,73","15,11","4,41","6,62",0,0,0,"40,07","21,05","12,9","11,03","6,11","6,62","2,21",0,0,0,,,,,,,,,,,,,,,,,,,,
24,Rio Grande do Norte,2414803,Vera Cruz,"Total - Federal, Estadual e Municipal",Rural,"172,08","181,19","224,02","234,65",,,"12,55",23,"17,39","22,39","13,81","8,16","2,7",0,0,0,"6,7","14,79","24,57","18,42","22,9","10,02","1,74","0,87",0,0,0,"27,77","29,44","13,03","20,6","9,16",0,0,0,0,"19,8","31,23","14,68","16,96","13,33","2,82",0,"1,17",0,0,,,,,,,,,,,,,,,,,,,,
24,Rio Grande do Norte,2414803,Vera Cruz,"Total - Federal, Estadual e Municipal",Total,"170,75","180,97","221,54","228,32",,,"13,22","24,89","20,31","17,61","12,59","6,3","3,72","0,91","0,43",0,"6,25","17,86","21,85","20,93","19,81","9,18","2,74","1,39",0,0,0,"32,34","26,32","12,92","18,56","7,4","2,46",0,0,0,"27,33","27,45","14,02","14,75","10,65","4,24","0,82","0,74",0,0,,,,,,,,,,,,,,,,,,,,
24,Rio Grande do Norte,2414803,Vera Cruz,"Total - Federal, Estadual e Municipal",Urbana,"169,09","180,69","217,34","217,64",,,"14,05","27,24","23,95","11,68","11,08",4,"4,99","2,04","0,97",0,"5,68","21,68","18,47","24,04","15,97","8,14","3,98","2,04",0,0,0,"40,07","21,05","12,73","15,11","4,41","6,62",0,0,0,"40,07","21,05","12,9","11,03","6,11","6,62","2,21",0,0,0,,,,,,,,,,,,,,,,,,,,
24,Rio Grande do Norte,2414803,Vera Cruz,"Total - Federal, Estadual, Municipal e Privada",Rural,"172,08","181,19","224,02","234,65",,,"12,55",23,"17,39","22,39","13,81","8,16","2,7",0,0,0,"6,7","14,79","24,57","18,42","22,9","10,02","1,74","0,87",0,0,0,"27,77","29,44","13,03","20,6","9,16",0,0,0,0,"19,8","31,23","14,68","16,96","13,33","2,82",0,"1,17",0,0,,,,,,,,,,,,,,,,,,,,
24,Rio Grande do Norte,2414803,Vera Cruz,"Total - Federal, Estadual, Municipal e Privada",Total,"170,75","180,97","221,54","228,32",,,"13,22","24,89","20,31","17,61","12,59","6,3","3,72","0,91","0,43",0,"6,25","17,86","21,85","20,93","19,81","9,18","2,74","1,39",0,0,0,"32,34","26,32","12,92","18,56","7,4","2,46",0,0,0,"27,33","27,45","14,02","14,75","10,65","4,24","0,82","0,74",0,0,,,,,,,,,,,,,,,,,,,,
24,Rio Grande do Norte,2414803,Vera Cruz,"Total - Federal, Estadual, Municipal e Privada",Urbana,"169,09","180,69","217,34","217,64",,,"14,05","27,24","23,95","11,68","11,08",4,"4,99","2,04","0,97",0,"5,68","21,68","18,47","24,04","15,97","8,14","3,98","2,04",0,0,0,"40,07","21,05","12,73","15,11","4,41","6,62",0,0,0,"40,07","21,05","12,9","11,03","6,11","6,62","2,21",0,0,0,,,,,,,,,,,,,,,,,,,,
