,ID_SAEB,ID_REGIAO,ID_UF,TX_RESP_Q001,TX_RESP_Q002,TX_RESP_Q003,TX_RESP_Q004,TX_RESP_Q005,TX_RESP_Q006,TX_RESP_Q007,TX_RESP_Q008,TX_RESP_Q009,TX_RESP_Q010,TX_RESP_Q011,TX_RESP_Q012,TX_RESP_Q013,TX_RESP_Q014,TX_RESP_Q015,TX_RESP_Q016,TX_RESP_Q017,TX_RESP_Q018,TX_RESP_Q019,TX_RESP_Q020,TX_RESP_Q021,TX_RESP_Q022,TX_RESP_Q023,TX_RESP_Q024,TX_RESP_Q025,TX_RESP_Q026,TX_RESP_Q027,TX_RESP_Q028,TX_RESP_Q029,TX_RESP_Q030,TX_RESP_Q031,TX_RESP_Q032,TX_RESP_Q033,TX_RESP_Q034,TX_RESP_Q035,TX_RESP_Q036,TX_RESP_Q037,TX_RESP_Q038,TX_RESP_Q039,TX_RESP_Q040,TX_RESP_Q041,TX_RESP_Q042,TX_RESP_Q043,TX_RESP_Q044,TX_RESP_Q045,TX_RESP_Q046,TX_RESP_Q047,TX_RESP_Q048,TX_RESP_Q049,TX_RESP_Q050,TX_RESP_Q051,TX_RESP_Q052,TX_RESP_Q053,TX_RESP_Q054,TX_RESP_Q055,TX_RESP_Q056,TX_RESP_Q057,TX_RESP_Q058,TX_RESP_Q059,TX_RESP_Q060,TX_RESP_Q061,TX_RESP_Q062,TX_RESP_Q063,TX_RESP_Q064,TX_RESP_Q065,TX_RESP_Q066,TX_RESP_Q067,TX_RESP_Q068,TX_RESP_Q069,TX_RESP_Q070,TX_RESP_Q071,TX_RESP_Q072,TX_RESP_Q073,TX_RESP_Q074,TX_RESP_Q075,TX_RESP_Q076,TX_RESP_Q077,TX_RESP_Q078,TX_RESP_Q079,TX_RESP_Q080,TX_RESP_Q081,TX_RESP_Q082,TX_RESP_Q083,TX_RESP_Q084,TX_RESP_Q085,TX_RESP_Q086,TX_RESP_Q087,TX_RESP_Q088,TX_RESP_Q089,TX_RESP_Q090,TX_RESP_Q091,TX_RESP_Q092,TX_RESP_Q093,TX_RESP_Q094,TX_RESP_Q095,TX_RESP_Q096,TX_RESP_Q097,TX_RESP_Q098,TX_RESP_Q099,TX_RESP_Q100,TX_RESP_Q101,TX_RESP_Q102,TX_RESP_Q103,TX_RESP_Q104,TX_RESP_Q105,TX_RESP_Q106,TX_RESP_Q107,TX_RESP_Q108,TX_RESP_Q109,TX_RESP_Q110,TX_RESP_Q111,TX_RESP_Q112,TX_RESP_Q113,TX_RESP_Q114,TX_RESP_Q115,TX_RESP_Q116,TX_RESP_Q117,TX_RESP_Q118,TX_RESP_Q119,TX_RESP_Q120,TX_RESP_Q121,TX_RESP_Q122,TX_RESP_Q123,TX_RESP_Q124,TX_RESP_Q125,TX_RESP_Q126,TX_RESP_Q127,TX_RESP_Q128,TX_RESP_Q129,TX_RESP_Q130,TX_RESP_Q131,TX_RESP_Q132,TX_RESP_Q133,TX_RESP_Q134,TX_RESP_Q135,TX_RESP_Q136,TX_RESP_Q137,TX_RESP_Q138,TX_RESP_Q139,TX_RESP_Q140,TX_RESP_Q141,TX_RESP_Q142,TX_RESP_Q143,TX_RESP_Q144,TX_RESP_Q145,TX_RESP_Q146,TX_RESP_Q147,TX_RESP_Q148,TX_RESP_Q149,TX_RESP_Q150,TX_RESP_Q151,TX_RESP_Q152,TX_RESP_Q153,TX_RESP_Q154,TX_RESP_Q155,TX_RESP_Q156,TX_RESP_Q157,TX_RESP_Q158,TX_RESP_Q159,TX_RESP_Q160,TX_RESP_Q161,TX_RESP_Q162,TX_RESP_Q163,TX_RESP_Q164,TX_RESP_Q165,TX_RESP_Q166,TX_RESP_Q167,TX_RESP_Q168,TX_RESP_Q169,TX_RESP_Q170,TX_RESP_Q171,TX_RESP_Q172,TX_RESP_Q173,TX_RESP_Q174,TX_RESP_Q175,TX_RESP_Q176,TX_RESP_Q177,TX_RESP_Q178,TX_RESP_Q179,TX_RESP_Q180,TX_RESP_Q181,TX_RESP_Q182,TX_RESP_Q183,TX_RESP_Q184,TX_RESP_Q185,TX_RESP_Q186,TX_RESP_Q187,TX_RESP_Q188,TX_RESP_Q189,TX_RESP_Q190,TX_RESP_Q191,TX_RESP_Q192,TX_RESP_Q193,TX_RESP_Q194,TX_RESP_Q195,TX_RESP_Q196,TX_RESP_Q197,TX_RESP_Q198,TX_RESP_Q199,TX_RESP_Q200,TX_RESP_Q201,TX_RESP_Q202,TX_RESP_Q203,TX_RESP_Q204,TX_RESP_Q205,TX_RESP_Q206,TX_RESP_Q207,TX_RESP_Q208,TX_RESP_Q209,TX_RESP_Q210,TX_RESP_Q211,TX_RESP_Q212,TX_RESP_Q213,TX_RESP_Q214,TX_RESP_Q215,TX_RESP_Q216,TX_RESP_Q217
1043,2019,2,24,,,,,,,,,,,,,,,,,,,,,,,,,B,B,B,B,B,B,B,B,B,B,B,B,B,B,B,,B,B,B,B,B,B,B,B,,,,,,,,,,,,,,,,,,,,,,,,,,,,,,,,,,,,,,,,,,,,,,,,,,,,,,,,,,,,,,,,,,,,,,,,,,,,,,,,,,,,,,,,,,,,,,,,,,,,,,,,,,,,,,,,,,,,,,,,,,,,,,,,,,,,,,,,,,B,A,A,,C,B,B,A,B,A,A,A,B,B,B,B,B,B,B,C,B,A,A,A,A,A,A,A,A,A,D,D
1044,2019,2,24,,,,,,,,,,,,,,,,,,,,,,,,,B,B,B,B,B,B,B,B,B,B,B,B,B,B,B,,B,B,B,B,B,B,B,B,,,,,,,,,,,,,,,,,,,,,,,,,,,,,,,,,,,,,,,,,,,,,,,,,,,,,,,,,,,,,,,,,,,,,,,,,,,,,,,,,,,,,,,,,,,,,,,,,,A,B,B,A,B,B,,,,,,,,,,,,,,,,,,,,,A,B,,,,,,,,,,,,,B,A,A,C,B,B,A,B,B,A,B,B,B,B,B,A,B,B,B,B,D,,,,,A,,A,,,C,C
1045,2019,2,24,,,,,,,,,,,,,,,,,,,A,A,,4.0,1.0,1.0,A,A,A,A,B,A,A,A,B,B,A,A,B,B,B,B,A,B,B,B,B,B,B,B,B,B,A,A,A,A,A,A,A,B,1.0,,1.0,1.0,1.0,1.0,,1.0,,,,1.0,,6.0,A,3.0,A,A,A,A,B,A,B,B,A,A,A,A,A,A,A,A,A,A,A,B,A,B,A,A,A,A,B,B,B,B,A,A,A,A,A,A,A,B,A,B,B,A,A,A,A,A,A,A,A,B,A,B,B,,,,,,,,,,,,,,,,,,,A,A,A,A,A,B,,,,,A,A,A,A,A,A,A,A,B,B,B,B,B,A,B,B,A,B,,,,,,,,,,,,,B,A,A,B,B,B,A,B,B,A,A,A,A,A,A,A,A,A,B,B,D,A,A,,A,A,A,A,A,A,E,E
1046,2019,2,24,,,,,,,,,,,,,,,,,,,A,A,B,5.0,0.0,0.0,A,B,B,A,B,B,B,B,B,A,A,A,A,B,A,A,A,B,B,B,B,B,B,B,B,A,A,B,B,A,A,B,B,B,2.0,0.0,1.0,1.0,1.0,1.0,0.0,1.0,2.0,2.0,0.0,1.0,0.0,9.0,B,0.0,B,A,A,A,B,A,B,B,A,B,A,B,B,A,A,A,A,A,B,B,A,B,B,A,A,A,A,A,B,B,A,A,A,B,A,A,A,A,A,B,B,A,C,A,A,A,A,A,B,B,A,B,B,,,,,,,,,,,,,,,,,,,A,A,A,B,A,B,,,,,A,A,A,A,A,A,A,A,B,B,B,B,A,A,B,A,A,B,,,,,,,,,,,,,A,A,A,C,B,B,A,B,B,A,A,A,A,A,A,B,B,B,A,B,D,A,A,B,A,A,A,A,A,A,E,D
1047,2019,2,24,,,,,,,,,,,,,,,,,,,B,A,A,9.0,2.0,2.0,A,A,A,B,A,A,A,A,A,A,A,A,B,A,A,A,A,B,A,B,A,A,B,B,B,A,A,A,A,A,A,A,A,B,1.0,,1.0,,1.0,1.0,1.0,,2.0,2.0,1.0,1.0,1.0,4.0,B,4.0,B,A,A,A,A,A,B,B,A,A,B,B,A,A,B,B,B,A,B,B,A,A,B,A,A,A,A,A,B,A,A,A,A,B,A,A,A,A,A,B,A,A,C,A,A,A,A,A,A,A,A,B,B,,,,,,,,,,,,,,,,,,,A,A,A,A,A,B,,,,,A,A,A,A,B,B,B,A,A,A,B,A,B,A,B,B,A,A,E,A,A,A,A,B,A,A,A,A,A,B,A,A,A,,,B,A,B,B,A,A,A,B,B,B,B,B,B,B,B,D,A,A,B,A,A,A,A,A,A,D,D
1048,2019,2,24,,,,,,,,,,,,,,,,,,,B,A,A,16.0,2.0,2.0,A,A,A,B,B,A,A,A,A,B,A,A,A,B,B,A,B,B,B,B,B,A,B,A,B,B,A,A,A,A,A,A,A,B,4.0,2.0,2.0,0.0,4.0,0.0,0.0,,2.0,2.0,2.0,,2.0,16.0,B,2.0,B,B,B,A,A,B,A,B,A,A,A,A,A,A,A,A,A,A,B,B,A,B,B,A,A,A,A,B,B,B,A,A,B,B,A,A,A,A,B,B,B,A,A,A,B,B,A,A,A,B,B,B,B,,,,,,,,,,,,,,,,,,,A,B,A,A,A,B,,,,,A,A,A,A,A,A,A,A,A,B,B,B,A,A,B,B,A,A,B,A,A,A,A,B,A,A,A,A,A,B,B,A,A,C,A,A,B,B,B,A,A,A,A,A,B,A,B,B,B,B,D,A,A,A,A,A,A,A,B,A,E,E
1049,2019,2,24,,55.0,B,D,A,A,A,B,A,A,A,B,B,38.0,2.0,9.0,A,B,A,A,B,12.0,2.0,2.0,B,B,B,B,B,B,B,A,B,B,A,B,A,B,B,A,A,B,B,A,B,B,B,B,B,A,A,B,A,B,A,A,B,B,0.0,1.0,1.0,1.0,1.0,0.0,1.0,1.0,2.0,2.0,1.0,1.0,,12.0,A,2.0,A,A,B,A,B,B,B,B,A,B,A,B,A,A,B,B,B,A,B,B,A,B,A,A,A,A,A,B,B,B,B,A,A,A,A,A,A,A,B,B,B,A,A,A,B,A,A,A,A,B,A,B,B,,,,,,,,,,,,,,,,,,,A,B,A,A,A,B,,,,,A,A,A,A,B,A,B,B,A,B,A,B,B,A,B,B,A,B,,,,,,,,,,,,,,A,A,,,B,A,B,B,A,,A,B,A,B,A,B,B,B,B,D,A,A,B,A,A,B,B,A,B,D,D
1050,2019,2,24,A,21.0,A,B,,B,,,,,,,,,2.0,2.0,B,B,B,A,A,2.0,0.0,0.0,A,A,B,B,B,B,A,B,A,B,A,A,B,A,A,A,A,B,B,A,B,B,B,B,B,B,B,,,,,,,,,,,,,,,,,,,,,,,,,,,,,,,,,,,,,,,,,,,,A,B,B,B,B,A,B,B,B,B,A,A,A,B,B,B,A,A,B,B,B,A,B,A,B,B,A,B,A,A,A,B,B,,,,,,,,,,,,,,,,,,,A,B,B,A,A,B,,,,,A,A,A,A,A,B,A,B,A,B,B,B,A,A,B,B,A,B,,,,,,,,,,,,,B,A,A,C,B,B,A,B,B,A,A,A,A,A,A,A,B,B,B,B,D,A,A,B,A,A,A,A,A,A,E,E
1051,2019,2,24,A,26.0,A,C,B,B,,,,,,,,,2.0,4.0,B,B,A,A,A,10.0,1.0,1.0,A,A,A,B,B,B,A,A,A,B,A,A,B,B,B,B,A,B,B,A,A,B,B,B,B,B,A,A,A,A,A,A,B,B,2.0,0.0,1.0,1.0,1.0,1.0,0.0,2.0,4.0,4.0,2.0,0.0,0.0,0.0,B,3.0,B,A,A,A,B,A,B,B,A,B,A,B,B,A,A,A,A,A,A,B,A,B,B,A,A,A,B,A,B,B,A,A,B,B,A,A,A,B,A,B,B,A,A,A,A,A,A,A,B,A,B,B,B,,,,,,,,,,,,,,,,,,,A,A,A,A,B,B,,,,,A,A,A,A,A,A,B,A,B,A,A,B,A,A,B,B,A,B,,,,,,,,,,,,,B,A,A,B,B,B,A,B,B,A,B,A,B,A,B,B,B,B,B,B,D,A,A,B,A,A,B,A,A,B,D,D
1052,2019,2,24,A,27.0,A,C,B,B,,,,,,,,,3.0,6.0,A,B,B,A,B,5.0,1.0,1.0,B,A,A,B,B,B,A,B,A,B,A,A,B,A,B,B,A,B,B,B,B,B,B,B,B,A,A,B,A,A,A,B,B,B,3.0,,,,2.0,1.0,,,,,,,2.0,8.0,B,5.0,B,A,A,A,A,A,B,B,B,A,A,A,A,A,B,A,A,A,B,B,A,B,B,A,A,A,A,A,B,B,B,A,B,B,A,A,A,A,A,B,B,B,A,A,A,B,A,A,A,B,B,B,B,,,,,,,,,,,,,,,,,,,A,A,A,A,A,B,,,,,A,A,A,A,A,A,A,A,A,B,B,B,A,A,B,B,A,B,,,,,,,,,,,,,C,A,A,C,C,B,B,A,B,A,A,A,A,A,B,B,B,B,B,B,D,A,A,A,A,A,A,A,A,A,D,D
1053,2019,2,24,A,28.0,A,C,A,B,,,,,,,,,1.0,9.0,B,B,B,A,A,8.0,1.0,1.0,A,B,A,B,B,A,A,B,A,B,A,A,A,A,B,B,A,B,B,B,B,B,B,B,B,A,A,A,B,B,A,B,A,B,2.0,0.0,1.0,1.0,2.0,2.0,0.0,0.0,2.0,2.0,2.0,0.0,,14.0,B,2.0,B,A,A,A,B,B,B,B,A,A,A,B,B,A,B,A,A,A,B,B,A,B,B,A,A,A,B,B,B,B,A,A,B,B,A,A,A,B,B,B,B,A,A,A,A,A,B,B,A,A,A,B,B,,,,,,,,,,,,,,,,,,,A,A,B,A,A,B,,,,,A,A,A,A,A,A,A,A,A,B,B,B,A,A,B,B,A,B,,,,,,,,,,,,,B,A,A,C,B,B,A,B,B,A,B,A,A,A,B,B,B,B,B,B,D,A,A,B,A,A,,A,A,B,D,D
1054,2019,2,24,A,29.0,C,D,A,A,B,B,B,B,B,B,A,3.0,1.0,2.0,B,A,B,A,B,10.0,4.0,3.0,B,A,A,B,B,A,A,B,A,A,A,A,B,B,A,B,A,B,B,B,B,B,B,B,B,A,A,A,A,A,A,B,B,B,2.0,0.0,1.0,1.0,1.0,1.0,0.0,0.0,2.0,,0.0,0.0,,8.0,B,4.0,B,A,A,A,B,B,B,B,A,B,A,B,B,A,B,A,B,A,A,A,A,A,B,A,A,A,B,B,B,B,A,A,A,B,A,A,A,B,B,B,B,A,C,A,B,A,A,B,A,B,B,B,B,,,,,,,,,,,,,,,,,,,A,B,B,A,A,B,,,,,A,A,A,A,A,A,B,B,B,B,B,B,B,A,B,A,A,B,,,,,,,,,,,,,C,A,A,C,C,B,A,B,B,A,A,A,B,B,B,B,B,B,B,B,D,A,A,B,A,A,A,A,A,A,D,D
1055,2019,2,24,A,30.0,A,C,A,A,A,B,B,B,A,B,B,10.0,2.0,9.0,A,B,B,A,A,7.0,0.0,0.0,A,A,A,B,B,A,A,B,A,B,A,A,A,A,B,A,A,B,B,B,A,B,B,B,B,A,A,A,A,A,A,A,A,B,1.0,0.0,1.0,1.0,1.0,1.0,0.0,2.0,4.0,4.0,0.0,0.0,0.0,14.0,B,3.0,B,A,A,A,A,B,B,B,A,A,A,A,A,A,A,A,A,A,B,A,A,A,B,A,A,A,A,B,B,B,A,A,A,B,A,A,A,A,B,B,B,A,A,A,A,B,A,B,A,B,A,B,B,,,,,,,,,,,,,,,,,,,A,B,B,A,A,B,,,,,A,A,A,A,A,A,A,A,A,A,A,A,A,A,A,A,A,B,,,,,,,,,,,,,C,A,A,C,C,B,A,B,B,A,A,A,A,A,B,B,B,B,B,B,D,A,A,A,A,A,A,A,A,A,E,E
1056,2019,2,24,A,32.0,C,D,A,A,A,A,B,B,B,B,B,14.0,6.0,9.0,A,A,B,A,A,110.0,25.0,85.0,A,B,A,B,B,B,A,A,A,B,A,A,B,A,B,A,A,B,A,A,A,A,B,B,A,B,A,A,A,A,A,B,A,B,0.0,0.0,1.0,1.0,2.0,2.0,0.0,2.0,4.0,2.0,2.0,0.0,4.0,16.0,B,7.0,B,A,A,A,A,A,B,B,A,B,A,B,B,A,A,A,A,A,B,B,A,B,B,A,A,A,A,A,B,B,A,A,A,B,A,A,A,A,A,B,B,A,A,A,A,A,A,A,A,A,B,B,B,,,,,,,,,,,,,,,,,,,A,A,A,A,B,B,,,,,A,A,A,A,A,A,A,A,A,B,A,B,A,A,B,B,A,A,B,B,A,A,A,B,A,A,A,A,B,B,A,A,A,C,C,B,A,B,B,A,B,A,A,A,B,B,B,B,B,B,D,A,A,A,A,A,B,A,A,B,D,D
1057,2019,2,24,A,33.0,A,E,A,A,A,A,B,B,A,A,A,15.0,7.0,6.0,A,A,A,A,B,7.0,1.0,1.0,B,A,A,B,B,A,A,A,A,A,A,A,B,B,A,A,B,B,A,B,B,A,A,A,B,B,A,B,A,A,A,B,A,B,2.0,2.0,1.0,1.0,1.0,1.0,2.0,2.0,2.0,2.0,0.0,2.0,0.0,18.0,A,1.0,B,A,A,A,B,A,A,B,A,A,A,A,B,A,A,B,B,A,B,B,A,B,B,A,A,A,B,A,A,B,A,A,A,A,A,A,A,B,A,A,B,A,A,A,B,A,A,A,A,A,B,B,B,,,,,,,,,,,,,,,,,,,A,B,A,A,B,B,,,,,A,A,A,A,A,A,B,A,B,B,B,B,B,B,B,B,A,B,,,,,,,,,,,,,B,A,A,C,B,B,A,B,B,A,A,A,A,A,B,B,B,B,B,B,D,A,A,A,A,A,A,A,B,A,D,D
1058,2019,2,24,A,33.0,B,D,A,A,A,B,A,A,A,B,A,14.0,,6.0,B,A,A,A,A,8.0,1.0,2.0,B,B,B,B,B,B,B,B,B,A,A,A,A,B,A,B,A,B,B,B,A,B,B,B,B,B,A,A,B,A,A,A,A,B,4.0,0.0,2.0,1.0,2.0,2.0,0.0,3.0,2.0,0.0,,2.0,2.0,20.0,B,5.0,B,B,B,A,B,B,B,B,A,B,B,B,B,A,B,A,A,A,B,A,A,A,B,B,B,A,B,B,B,B,A,A,A,B,B,B,A,B,B,B,B,A,A,A,A,A,A,A,A,B,A,B,B,,,,,,,,,,,,,,,,,,,A,A,A,A,A,B,,,,,A,A,A,A,A,A,A,A,B,A,A,B,B,A,B,A,A,A,D,B,A,A,A,B,B,A,A,A,A,B,A,A,A,,,A,B,B,B,A,A,A,A,A,A,B,B,B,B,B,D,A,A,A,A,A,A,A,,A,C,C
1059,2019,2,24,A,33.0,C,E,A,A,A,B,B,B,B,B,B,15.0,15.0,10.0,A,B,A,A,A,6.0,3.0,3.0,A,A,A,B,A,A,A,A,A,B,A,A,B,A,B,B,A,B,B,B,B,B,B,B,B,B,A,B,B,A,B,B,B,B,2.0,,,,2.0,,,2.0,1.0,1.0,,,,3.0,B,5.0,A,A,A,A,B,B,A,B,A,A,A,A,A,A,A,A,A,A,B,B,A,B,A,A,A,A,A,A,A,B,A,A,A,A,A,A,A,A,B,A,B,A,A,A,B,A,A,B,A,A,A,B,B,,,,,,,,,,,,,,,,,,,A,B,A,A,A,B,,,,,A,A,A,A,A,A,A,A,A,B,B,B,B,B,B,B,A,A,E,B,B,A,A,B,A,A,A,A,B,B,C,A,A,C,B,B,A,B,B,A,A,A,A,A,B,A,B,B,B,B,D,A,A,A,A,A,A,A,A,B,D,D
1060,2019,2,24,A,36.0,A,D,A,B,,,,,,,,,1.0,11.0,B,B,B,A,B,8.0,0.0,0.0,A,A,B,B,B,B,A,B,A,B,A,A,B,B,B,B,A,B,B,B,B,B,B,B,B,B,A,A,B,A,A,A,A,B,2.0,0.0,1.0,0.0,1.0,1.0,0.0,2.0,2.0,1.0,2.0,2.0,10.0,0.0,B,0.0,B,A,A,A,B,B,B,B,A,A,A,B,B,A,A,A,A,A,B,B,A,B,B,A,A,A,B,B,B,B,A,A,A,B,A,A,A,B,B,B,B,A,C,A,B,B,A,B,B,B,B,B,B,,,,,,,,,,,,,,,,,,,A,B,B,B,B,B,,,,,A,A,B,B,A,B,B,A,B,B,B,B,B,A,B,B,A,B,,,,,,,,,,,,,B,A,A,C,A,B,A,B,B,A,A,A,B,B,B,B,B,B,B,B,D,B,A,B,A,A,,A,B,B,B,B
1061,2019,2,24,A,37.0,C,D,A,A,A,B,B,A,B,B,B,12.0,4.0,10.0,A,B,B,A,B,12.0,1.0,1.0,A,A,A,B,B,B,A,B,A,B,A,A,A,B,B,A,A,B,B,B,B,B,B,A,B,B,A,A,A,A,A,B,B,B,4.0,2.0,2.0,0.0,2.0,2.0,0.0,0.0,4.0,4.0,0.0,0.0,8.0,,,8.0,A,A,A,A,B,B,B,B,B,A,A,A,A,B,B,A,B,B,B,B,A,B,A,A,A,A,B,B,B,B,B,A,A,A,A,A,A,B,B,B,B,B,B,A,A,A,A,A,A,A,B,B,B,,,,,,,,,,,,,,,,,,,A,B,B,A,B,B,,,,,A,A,A,A,A,A,B,A,A,B,B,B,A,A,B,B,B,B,,,,,,,,,,,,,B,A,A,C,B,A,B,B,B,A,A,A,B,A,B,B,B,B,B,B,D,A,A,B,A,A,B,A,B,B,E,D
1062,2019,2,24,A,38.0,A,D,A,A,A,B,A,B,B,B,B,13.0,,8.0,B,A,A,A,A,12.0,5.0,5.0,A,A,A,B,B,A,A,A,A,B,A,A,B,B,B,A,B,B,B,B,B,B,B,A,B,B,A,A,B,B,A,B,B,B,1.0,1.0,,,1.0,1.0,,,,,4.0,1.0,1.0,2.0,A,4.0,B,B,B,B,A,B,B,B,A,A,A,B,A,B,B,B,B,A,B,B,A,B,A,A,B,A,A,B,B,B,A,A,A,B,A,B,A,A,B,B,B,B,C,A,B,B,A,A,A,A,A,B,B,,,,,,,,,,,,,,,,,,,A,B,B,A,A,B,,,,,A,A,B,B,B,B,B,A,A,B,B,B,B,A,B,B,A,B,,,,,,,,,,,,,C,A,A,C,C,B,A,B,B,A,A,A,B,A,B,B,B,B,B,B,D,A,B,B,B,A,B,A,B,B,C,C
1063,2019,2,24,A,39.0,A,D,A,A,A,B,A,A,A,B,B,19.0,1.0,4.0,B,B,B,A,B,16.0,0.0,0.0,A,A,A,B,B,A,A,A,A,B,A,A,A,A,B,A,A,B,B,A,B,B,B,A,B,B,B,,,,,,,,,,,,,,,,,,,,,,,,,,,,,,,,,,,,,,,,,,,,A,B,B,A,A,A,A,B,B,B,A,A,A,B,A,A,A,A,B,B,B,A,B,A,A,A,A,A,A,B,A,B,B,,,,,,,,,,,,,,,,,,,A,A,A,A,A,B,,,,,A,A,A,A,A,A,A,A,B,B,B,B,B,A,B,B,A,B,,,,,,,,,,,,,B,A,A,C,B,B,A,B,B,A,A,A,A,A,B,A,B,B,B,B,D,A,A,,A,A,,A,,,D,D
1064,2019,2,24,A,39.0,C,C,A,A,A,B,B,B,B,B,B,11.0,6.0,,A,B,B,A,B,5.0,1.0,1.0,B,B,B,B,B,B,B,B,B,A,A,A,B,B,A,A,A,B,B,B,B,B,B,B,B,B,A,B,B,A,B,B,B,B,1.0,1.0,1.0,0.0,1.0,1.0,0.0,0.0,1.0,0.0,1.0,1.0,1.0,0.0,B,4.0,A,A,A,B,B,B,B,B,B,A,B,B,B,B,B,A,B,B,B,B,A,B,A,A,A,B,B,B,B,B,B,A,A,A,A,A,B,B,B,B,B,B,B,A,A,A,B,A,A,B,B,B,B,,,,,,,,,,,,,,,,,,,A,A,A,A,B,B,,,,,A,A,B,A,B,B,B,B,A,B,B,B,B,A,B,B,A,B,,,,,,,,,,,,,B,A,A,C,C,B,A,B,B,A,B,A,B,A,B,B,B,B,B,B,D,A,A,B,A,A,A,A,A,A,D,C
1065,2019,2,24,A,39.0,C,E,A,A,A,A,B,A,B,B,A,18.0,2.0,10.0,A,B,,,,32.0,3.0,5.0,A,A,A,B,A,A,A,B,A,B,A,A,A,A,A,A,B,B,B,B,B,B,B,A,B,B,A,A,A,A,A,A,A,B,3.0,1.0,2.0,1.0,1.0,1.0,1.0,1.0,1.0,1.0,2.0,0.0,0.0,15.0,B,3.0,A,A,A,A,B,A,A,A,A,A,A,B,B,A,A,B,B,B,B,A,A,A,A,A,A,A,A,B,A,B,A,A,A,A,A,A,A,A,B,A,B,A,A,A,B,B,A,A,A,B,B,B,B,,,,,,,,,,,,,,,,,,,A,B,A,A,B,B,,,,,A,A,A,A,A,A,A,A,A,A,A,A,A,A,B,A,A,A,E,B,B,A,A,B,B,B,A,A,B,B,A,A,A,C,A,B,A,B,B,A,B,A,A,A,B,B,B,B,B,B,D,A,A,A,A,A,A,A,A,A,D,D
1066,2019,2,24,A,39.0,F,D,A,B,,,,,,,,,10.0,9.0,A,A,B,A,B,13.0,2.0,3.0,B,B,B,B,B,B,B,A,B,B,A,A,B,B,B,A,A,B,B,B,B,B,B,B,B,B,B,,,,,,,,,,,,,,,,,,,,,,,,,,,,,,,,,,,,,,,,,,,,A,B,A,A,A,A,B,A,B,B,B,A,B,A,A,A,A,B,A,B,B,B,B,A,B,B,A,A,B,B,B,B,B,,,,,,,,,,,,,,,,,,,A,B,A,B,B,B,,,,,A,A,A,A,A,B,B,A,B,B,B,B,B,A,B,B,A,A,E,B,B,A,A,B,B,B,B,A,B,B,B,A,A,C,B,B,A,B,B,A,B,A,A,A,B,B,B,B,B,B,D,B,B,B,B,A,B,A,B,B,D,D
1067,2019,2,24,A,40.0,A,C,B,B,,,,,,,,,1.0,,B,B,A,A,B,15.0,1.0,2.0,A,A,A,B,B,A,A,A,A,A,A,A,A,A,A,A,B,B,B,B,B,B,B,A,B,B,A,A,A,A,B,A,A,B,1.0,,1.0,,1.0,,,1.0,1.0,1.0,,,6.0,11.0,B,2.0,B,B,B,B,B,B,B,B,A,A,A,A,A,A,A,A,A,A,A,B,A,B,B,B,A,A,B,B,B,B,A,A,A,B,B,A,A,B,B,B,B,A,A,A,A,A,A,A,A,B,A,B,B,,,,,,,,,,,,,,,,,,,A,A,A,A,A,B,,,,,A,A,A,A,A,A,A,A,A,B,A,A,B,A,A,A,A,B,,,,,,,,,,,,,A,A,A,C,A,B,A,B,B,A,A,A,A,A,B,B,B,B,B,B,D,A,A,B,A,A,B,A,A,B,C,C
1068,2019,2,24,A,40.0,A,D,A,A,A,B,A,A,A,B,B,23.0,,2.0,B,B,B,A,A,60.0,1.0,4.0,A,A,A,B,A,A,A,A,A,B,A,A,A,B,A,A,A,B,A,A,B,B,B,A,B,B,A,A,A,A,A,B,B,B,1.0,0.0,1.0,0.0,1.0,0.0,0.0,1.0,1.0,0.0,0.0,0.0,1.0,4.0,B,6.0,A,B,B,A,A,B,A,B,A,A,A,A,A,A,B,B,A,A,A,B,A,B,A,B,B,A,A,B,A,B,A,A,A,A,B,B,A,A,B,A,B,A,A,A,B,B,A,A,A,A,B,B,B,,,,,,,,,,,,,,,,,,,A,B,A,A,B,B,,,,,A,A,A,B,B,A,B,A,B,B,B,B,B,A,B,A,A,B,,,,,,,,,,,,,C,A,A,C,B,B,A,B,B,A,A,A,A,A,A,A,B,B,B,B,D,B,A,B,B,B,B,B,A,B,E,E
1069,2019,2,24,A,40.0,C,E,A,A,A,B,B,B,B,B,B,20.0,2.0,10.0,A,B,B,A,A,150.0,20.0,25.0,A,A,A,A,A,A,A,A,A,B,A,A,A,A,B,A,A,B,B,B,B,B,B,B,B,A,A,B,B,A,A,B,B,B,2.0,,2.0,,2.0,2.0,,,2.0,2.0,,2.0,2.0,16.0,B,5.0,A,A,A,A,A,A,B,B,A,B,B,B,B,B,B,B,B,B,B,B,A,B,A,A,A,A,A,A,B,B,A,A,B,A,A,A,A,A,A,B,B,A,A,A,A,A,A,A,A,B,A,B,B,,,,,,,,,,,,,,,,,,,A,A,A,A,A,B,,,,,A,A,A,A,A,A,A,B,A,B,B,B,B,B,B,A,A,B,,,,,,,,,,,,,A,A,A,C,A,A,B,B,B,A,A,A,B,B,B,B,B,B,B,B,B,,A,,A,A,A,A,A,,D,A
1070,2019,2,24,A,41.0,A,C,A,A,A,B,B,A,A,B,B,19.0,1.0,0.0,B,B,B,A,B,8.0,0.0,0.0,B,B,A,A,B,A,A,A,A,B,A,A,B,B,B,A,A,B,B,B,B,B,B,A,B,B,A,A,B,A,A,A,B,B,1.0,,1.0,,1.0,1.0,,1.0,1.0,1.0,1.0,1.0,1.0,7.0,,1.0,B,B,B,B,B,B,B,B,A,A,A,B,B,A,B,A,B,A,B,B,A,B,B,B,B,B,B,B,B,B,A,A,A,B,B,B,B,B,B,B,B,A,C,A,B,B,B,B,A,B,B,B,B,,,,,,,,,,,,,,,,,,,A,A,B,A,B,B,,,,,A,A,A,A,B,B,B,B,B,B,B,B,B,A,B,B,A,B,,,,,,,,,,,,,C,A,A,C,C,B,A,B,B,A,,A,A,A,B,B,B,B,B,B,D,B,A,B,B,A,B,B,B,B,E,E
1071,2019,2,24,A,41.0,A,D,A,A,A,A,B,A,B,B,B,21.0,6.0,9.0,A,B,B,A,B,9.0,0.0,2.0,B,B,B,B,B,B,B,B,B,B,A,A,A,A,B,A,A,B,B,B,B,B,B,A,B,A,A,B,B,A,A,B,A,B,2.0,0.0,0.0,0.0,2.0,0.0,0.0,2.0,2.0,0.0,2.0,0.0,0.0,3.0,B,3.0,B,A,A,A,A,A,B,B,A,A,A,B,B,A,A,A,A,A,B,A,A,B,B,A,A,A,A,A,B,B,A,A,B,B,A,A,A,A,A,B,B,A,A,A,B,B,A,B,A,A,A,B,B,,,,,,,,,,,,,,,,,,,A,B,B,A,A,B,,,,,A,A,A,A,B,A,B,B,B,B,B,B,A,A,B,B,A,B,,,,,,,,,,,,,B,A,A,C,B,B,A,B,B,A,A,A,B,A,B,B,B,B,B,B,D,A,A,B,A,A,B,A,B,B,D,D
1072,2019,2,24,A,41.0,C,D,A,A,A,B,B,B,B,B,B,20.0,2.0,10.0,A,B,,,,102.0,31.0,71.0,B,A,A,B,B,A,A,A,A,B,A,A,A,B,B,B,B,B,B,B,A,B,B,B,B,B,,,,,,,,,,,,,,,,,,,,,,,,,,,,,,,,,,,,,,,,,,,,,,,,,,,,,,,,,,,,,,,,,,,A,A,A,A,A,A,A,B,B,B,B,,,,,,,,,,,,,,,,,,,A,A,A,A,B,B,,,,,A,A,A,A,A,A,A,A,A,B,B,B,B,A,B,B,A,A,E,B,B,A,A,B,B,A,A,A,A,B,B,A,A,C,B,B,A,B,B,A,A,A,A,A,B,B,B,B,B,B,D,A,A,B,A,A,A,A,A,B,E,E
1073,2019,2,24,A,41.0,C,D,A,B,,,,,,,,,20.0,5.0,A,B,B,A,B,30.0,2.0,3.0,A,B,B,B,B,B,A,B,A,B,A,A,B,B,B,A,A,B,B,B,A,B,B,B,B,B,A,A,B,A,A,A,A,B,2.0,2.0,2.0,,2.0,,,2.0,2.0,,,,2.0,14.0,B,5.0,B,B,B,B,A,B,A,B,A,B,B,B,B,B,B,A,A,A,A,B,A,B,B,B,B,B,A,B,B,B,A,A,A,B,B,B,B,A,B,B,B,A,A,A,A,A,A,B,A,B,B,B,B,,,,,,,,,,,,,,,,,,,A,A,A,A,B,B,,,,,A,A,A,A,A,A,A,A,B,B,B,B,B,A,B,B,B,A,E,B,B,A,A,B,B,B,B,A,B,B,A,A,A,C,A,B,A,B,B,A,A,A,B,A,B,B,B,B,B,B,D,A,A,A,A,A,A,B,B,B,A,A
1074,2019,2,24,A,42.0,A,D,A,A,A,A,B,B,B,B,A,12.0,,,B,B,B,A,B,28.0,1.0,2.0,A,A,A,A,B,A,A,A,A,A,A,A,B,B,A,A,A,B,B,A,A,B,B,B,B,B,A,A,A,A,B,B,B,B,,,,,,,,,,,,,,18.0,B,3.0,A,A,A,A,A,B,B,A,A,A,A,A,A,A,A,A,A,A,A,B,A,A,A,A,A,A,A,B,B,A,A,A,A,A,A,A,A,A,B,B,A,A,A,A,A,A,A,A,A,A,A,B,B,,,,,,,,,,,,,,,,,,,A,A,A,A,A,B,,,,,A,A,B,A,A,A,A,A,A,B,A,B,A,A,A,B,A,B,,,,,,,,,,,,,B,A,A,C,C,B,A,B,B,A,A,A,A,A,A,A,B,B,B,B,D,,A,A,A,A,A,A,A,A,D,D
1075,2019,2,24,A,42.0,A,D,A,A,A,B,B,B,A,B,A,21.0,2.0,9.0,A,B,B,A,A,8.0,2.0,2.0,B,B,B,B,B,B,B,A,B,B,A,A,A,A,A,B,A,B,B,B,B,B,B,B,B,B,A,B,B,A,B,A,A,B,2.0,,,,2.0,2.0,,2.0,2.0,,,2.0,4.0,0.0,A,2.0,B,A,A,A,B,A,B,B,A,A,B,B,B,A,B,A,A,A,B,A,A,B,B,A,A,A,A,A,B,B,A,A,A,B,A,A,A,A,A,B,B,A,A,A,A,A,A,B,A,B,B,B,B,,,,,,,,,,,,,,,,,,,A,A,B,A,B,B,,,,,A,A,A,A,A,A,A,A,A,B,A,B,B,A,B,A,A,A,F,B,B,A,A,B,B,B,A,A,B,B,B,A,A,C,B,B,A,B,B,A,A,A,A,B,B,B,B,B,B,B,D,A,A,B,A,A,A,A,A,B,D,D
1076,2019,2,24,A,42.0,C,D,A,A,A,B,A,A,A,B,B,20.0,1.0,5.0,B,B,A,A,A,9.0,1.0,2.0,A,A,B,B,B,A,A,A,A,A,A,A,B,B,A,B,A,B,B,B,B,B,B,B,B,B,A,A,A,A,B,B,B,B,2.0,0.0,0.0,0.0,2.0,2.0,0.0,2.0,2.0,0.0,0.0,0.0,8.0,4.0,B,2.0,B,A,A,A,B,B,B,B,A,B,A,B,A,A,A,A,A,A,B,B,A,B,B,A,A,A,A,B,B,B,A,A,B,B,A,A,A,A,B,B,B,A,A,A,A,A,A,B,B,B,B,B,B,,,,,,,,,,,,,,,,,,,A,A,B,A,B,B,,,,,A,A,A,A,B,B,B,B,B,B,B,B,B,B,B,B,A,B,,,,,,,,,,,,,B,A,A,C,A,B,A,B,B,A,A,B,B,A,B,B,B,B,A,B,D,A,B,B,A,,A,,,,C,C
1077,2019,2,24,A,42.0,C,E,B,A,A,B,B,B,B,B,B,10.0,6.0,2.0,A,A,A,A,A,22.0,2.0,2.0,B,B,B,B,B,B,B,B,B,A,A,A,A,A,A,B,A,B,B,A,A,A,B,B,B,A,A,A,A,A,A,A,A,B,2.0,0.0,2.0,2.0,0.0,0.0,0.0,0.0,2.0,0.0,2.0,0.0,4.0,3.0,A,2.0,B,A,A,A,A,A,B,B,A,A,A,A,A,A,A,A,A,A,B,B,A,A,B,A,A,A,A,A,B,B,A,A,A,B,A,A,A,A,A,B,B,A,A,A,A,A,A,A,A,B,A,B,B,,,,,,,,,,,,,,,,,,,A,A,A,A,A,B,,,,,A,A,A,A,A,A,A,A,A,A,B,B,A,A,B,A,A,A,D,A,A,A,A,B,A,A,A,A,A,A,B,A,A,C,B,B,A,B,B,A,A,A,B,A,B,A,B,B,B,B,D,A,A,B,A,A,A,A,A,A,D,D
1078,2019,2,24,A,43.0,B,D,A,A,A,B,B,B,B,B,B,20.0,6.0,3.0,A,A,A,A,A,160.0,23.0,78.0,A,B,A,B,B,B,B,B,B,B,A,A,B,B,A,B,A,B,B,B,B,B,B,B,B,B,A,A,A,B,B,B,B,B,4.0,0.0,2.0,,3.0,1.0,0.0,0.0,2.0,0.0,2.0,0.0,0.0,14.0,B,2.0,B,A,A,A,A,B,B,B,B,B,B,B,B,B,B,B,B,A,B,B,A,B,B,A,A,A,A,B,B,B,B,A,B,B,A,A,A,A,B,B,B,B,A,A,A,B,A,,A,B,A,B,B,,,,,,,,,,,,,,,,,,,A,B,B,A,B,B,,,,,A,A,A,A,B,A,B,B,B,B,B,B,B,B,B,B,A,B,,,,,,,,,,,,,C,A,A,C,B,B,A,B,B,A,B,B,B,A,B,B,B,B,B,B,D,,,,,A,,,,,D,D
1079,2019,2,24,A,44.0,C,D,A,A,A,B,A,B,B,B,B,3.0,2.0,9.0,A,B,B,A,B,17.0,1.0,3.0,A,B,A,B,B,A,A,B,A,B,A,A,B,B,B,A,B,B,B,A,A,B,B,B,B,B,A,B,A,A,A,B,B,B,0.0,0.0,,,,,,,,,,,,0.0,B,,B,B,B,B,B,B,B,B,B,A,B,B,B,A,B,B,A,B,B,B,A,B,B,B,B,B,B,B,B,B,B,A,A,B,B,B,B,B,B,B,B,A,C,B,,,,,,,,,,,,,,,,,,,,,,,,,,,,A,A,B,B,B,B,,,,,A,A,B,B,B,A,A,A,B,B,B,B,B,B,B,B,B,B,,,,,,,,,,,,,A,A,A,,,B,A,B,B,A,,A,A,A,A,B,B,B,B,B,,A,A,B,A,A,A,A,B,A,C,C
1080,2019,2,24,A,45.0,A,D,A,A,A,B,B,B,B,B,B,19.0,6.0,10.0,A,B,A,A,B,2.0,1.0,1.0,B,B,B,B,B,B,A,A,A,B,A,A,A,B,B,B,A,B,B,B,B,B,B,B,B,B,A,A,A,A,A,A,B,B,2.0,,1.0,1.0,1.0,1.0,,2.0,2.0,2.0,,2.0,,10.0,B,2.0,A,A,A,A,B,B,B,B,B,A,A,A,A,A,B,A,B,B,B,B,A,B,A,A,A,A,B,B,B,B,B,A,B,A,A,A,A,A,B,B,B,B,A,A,A,A,A,A,A,B,A,B,B,,,,,,,,,,,,,,,,,,,A,A,A,A,A,B,,,,,A,A,A,A,A,A,A,B,B,B,B,A,B,A,B,B,A,B,,,,,,,,,,,,,B,A,A,C,C,B,A,B,B,A,A,A,A,A,B,A,B,B,B,B,D,B,B,B,B,A,A,A,A,A,D,D
1081,2019,2,24,A,45.0,C,C,A,A,A,B,B,B,A,B,A,28.0,2.0,9.0,B,B,A,A,B,8.0,1.0,1.0,A,A,B,B,B,A,A,A,A,B,A,A,A,B,B,A,A,B,B,A,B,A,B,B,B,A,A,A,A,A,A,A,B,B,2.0,0.0,1.0,1.0,1.0,1.0,0.0,2.0,2.0,0.0,0.0,0.0,2.0,12.0,B,2.0,B,A,A,A,B,B,B,B,A,A,A,B,A,A,B,A,A,A,B,B,A,B,B,A,A,A,B,B,B,B,A,A,A,B,A,A,A,B,B,B,B,A,A,A,A,A,B,A,A,B,A,B,B,,,,,,,,,,,,,,,,,,,A,A,A,A,B,B,,,,,A,A,A,A,A,A,A,B,B,B,B,B,A,A,B,B,A,B,,,,,,,,,,,,,B,A,A,C,B,B,A,B,B,A,A,A,B,A,B,A,B,B,B,B,D,A,A,B,A,A,B,A,A,B,D,D
1082,2019,2,24,A,45.0,C,D,A,A,A,B,B,B,B,B,B,25.0,3.0,9.0,A,A,B,A,B,608.0,1.0,1.0,A,A,A,B,A,A,A,A,A,B,A,A,B,A,B,A,B,B,A,A,B,A,B,A,B,B,A,A,A,A,A,A,A,B,1.0,,1.0,1.0,1.0,1.0,1.0,1.0,1.0,1.0,1.0,1.0,,11.0,B,2.0,A,A,A,A,A,A,B,B,B,A,A,B,B,A,B,A,B,B,B,B,A,B,A,A,A,A,A,A,B,B,B,A,B,A,A,A,A,A,A,B,B,B,A,A,A,B,A,B,A,B,A,B,B,,,,,,,,,,,,,,,,,,,A,A,B,A,A,B,,,,,A,A,A,B,B,B,B,B,B,B,B,B,A,A,B,B,A,B,,,,,,,,,,,,,,A,A,,,B,A,B,B,A,A,B,B,A,A,B,B,B,B,B,B,B,B,B,B,B,B,B,B,B,D,D
1083,2019,2,24,A,46.0,A,C,A,B,,,,,,,,,,7.0,B,B,B,A,B,9.0,1.0,2.0,A,A,B,B,B,A,A,A,A,B,A,A,B,B,B,A,A,B,B,B,B,B,B,B,B,B,A,A,A,A,A,B,B,B,2.0,,2.0,2.0,,,,,,,1.0,,,1.0,B,0.0,B,A,A,A,B,B,B,B,B,A,B,A,B,A,A,A,A,B,B,B,A,A,B,A,A,A,B,B,B,B,B,A,B,B,A,A,A,B,B,B,B,B,C,A,B,A,A,A,B,A,A,B,B,,,,,,,,,,,,,,,,,,,A,B,A,B,A,B,,,,,A,A,A,A,A,A,A,B,B,B,A,B,B,B,B,A,A,B,,,,,,,,,,,,,C,A,A,,,B,B,B,B,,,A,B,A,B,B,B,B,B,B,D,A,A,A,A,A,A,A,A,,C,C
1084,2019,2,24,A,46.0,A,D,A,A,A,B,B,B,B,B,B,24.0,3.0,,A,B,B,A,B,42.0,2.0,5.0,A,A,A,A,B,A,B,B,B,B,A,A,B,B,B,A,A,B,A,A,B,B,B,A,B,B,A,A,B,B,A,A,A,B,4.0,1.0,1.0,1.0,2.0,2.0,2.0,,,,4.0,2.0,1.0,20.0,B,4.0,B,A,A,A,A,A,A,A,A,A,B,B,B,A,A,A,A,A,A,B,A,A,B,A,A,A,A,A,A,A,A,A,A,B,A,A,A,A,A,A,A,A,C,A,B,A,A,A,A,B,A,B,B,,,,,,,,,,,,,,,,,,,A,,A,A,A,B,,,,,A,A,A,A,A,B,B,A,B,B,B,B,B,A,B,B,A,B,,,,,,,,,,,,,A,A,A,C,A,A,A,B,B,A,B,B,B,A,B,B,B,B,B,B,D,A,A,B,A,A,B,A,A,B,E,D
1085,2019,2,24,A,46.0,C,D,A,A,A,A,A,B,A,B,A,30.0,2.0,,B,A,A,A,A,200.0,70.0,130.0,A,A,A,B,B,B,B,B,B,B,A,A,A,A,A,A,A,B,B,A,A,B,B,B,B,B,A,A,A,A,A,A,A,B,,,2.0,,2.0,,,2.0,1.0,,1.0,,,6.0,B,4.0,B,A,A,A,B,A,B,B,A,A,A,A,A,A,A,A,A,A,B,A,A,B,B,A,A,A,A,A,B,B,A,A,B,B,A,A,A,A,A,B,B,A,A,A,A,A,A,A,A,A,A,B,B,,,,,,,,,,,,,,,,,,,A,A,A,A,A,B,,,,,A,A,A,A,A,A,A,A,A,B,A,B,B,A,B,A,A,A,E,A,A,A,A,B,A,A,A,A,A,A,B,A,A,C,A,B,A,B,B,B,A,A,A,A,B,B,B,B,B,B,D,A,A,B,A,A,A,A,A,A,D,D
1086,2019,2,24,A,46.0,C,D,A,A,A,B,B,A,A,B,B,27.0,6.0,10.0,A,B,B,A,A,5.0,0.0,0.0,A,A,A,B,B,A,A,B,A,B,A,A,B,A,B,B,A,B,B,B,B,B,B,B,B,B,A,A,B,B,A,A,A,B,2.0,2.0,2.0,2.0,2.0,2.0,0.0,2.0,2.0,2.0,2.0,2.0,,1.0,B,2.0,A,B,B,A,B,B,B,B,A,B,B,B,A,A,B,B,A,A,B,B,A,B,A,B,B,A,B,B,A,B,B,A,B,A,B,B,A,B,B,A,B,A,B,A,A,A,A,A,A,A,B,B,B,,,,,,,,,,,,,,,,,,,A,A,B,A,B,B,,,,,A,A,A,B,B,B,B,B,B,B,B,B,B,B,B,A,A,B,,,,,,,,,,,,,A,A,A,,C,B,A,B,B,A,A,A,A,A,B,B,B,B,B,B,D,A,A,,A,A,A,A,A,A,D,D
1087,2019,2,24,A,46.0,C,E,A,A,A,B,B,B,B,B,B,25.0,2.0,9.0,A,B,A,A,A,8.0,1.0,2.0,B,B,B,B,B,B,B,B,B,B,A,A,B,A,A,A,A,B,A,A,A,B,B,B,B,B,A,A,A,A,B,A,B,B,2.0,0.0,1.0,1.0,1.0,1.0,1.0,2.0,2.0,0.0,0.0,0.0,7.0,11.0,B,3.0,A,A,A,A,B,A,B,B,A,B,A,B,A,A,A,A,B,A,B,B,A,B,A,A,A,B,B,A,B,B,A,A,B,A,A,A,B,B,A,B,B,A,B,A,A,A,A,A,A,B,A,B,B,,,,,,,,,,,,,,,,,,,A,A,A,A,A,B,,,,,A,A,A,A,A,A,A,A,B,B,B,B,B,A,B,A,A,B,,,,,,,,,,,,,B,A,A,C,B,B,A,B,B,A,A,A,A,B,B,B,B,B,B,B,D,A,A,B,A,A,A,A,A,B,D,D
1088,2019,2,24,A,47.0,A,D,A,A,A,B,B,B,B,B,B,25.0,5.0,,A,A,,A,,15.0,1.0,1.0,A,A,A,B,B,A,A,B,A,B,A,A,B,B,B,A,A,B,B,B,B,B,B,B,B,A,A,B,B,B,A,B,B,B,,,,,,,,2.0,2.0,,,2.0,8.0,14.0,B,5.0,A,A,A,A,A,A,B,B,A,A,B,B,B,A,B,B,B,B,B,B,A,B,A,A,A,A,A,A,B,B,A,A,A,A,A,A,A,A,A,B,B,A,A,B,,,,,,,,,,,,,,,,,,,,,,,,,,,,,,,,,,,,,,A,A,A,A,A,B,B,A,B,B,B,B,B,B,B,B,A,B,,,,,,,,,,,,,B,A,A,B,B,A,B,B,B,A,A,A,B,A,B,B,B,B,B,B,D,B,A,B,A,A,B,A,B,B,B,C
1089,2019,2,24,A,47.0,C,D,A,A,A,B,B,A,B,B,B,20.0,3.0,,A,B,A,A,B,220.0,58.0,162.0,B,B,B,B,B,B,B,B,B,A,A,A,A,A,B,,B,B,B,B,B,B,A,B,B,A,A,B,B,A,A,B,B,B,0.0,0.0,3.0,0.0,2.0,,0.0,2.0,2.0,2.0,0.0,0.0,0.0,3.0,B,5.0,B,B,B,B,B,B,B,B,B,A,A,B,B,A,A,B,B,A,B,B,A,A,B,B,B,B,B,B,B,B,B,A,A,B,B,B,B,B,B,B,B,B,A,A,B,A,A,A,A,B,B,B,B,,,,,,,,,,,,,,,,,,,A,B,A,A,B,B,,,,,A,A,A,B,B,B,A,B,B,B,A,B,B,A,B,B,A,B,,,,,,,,,,,,,A,A,A,C,A,B,A,B,B,A,A,A,A,A,B,A,B,B,B,B,D,A,B,B,A,A,A,A,A,A,D,D
1090,2019,2,24,A,48.0,C,D,A,A,A,B,B,A,A,B,A,25.0,7.0,,A,A,B,A,B,3.0,0.0,0.0,A,A,A,B,B,A,A,A,A,B,A,A,B,B,A,A,B,B,B,B,B,B,B,A,B,B,A,A,B,A,A,A,B,B,1.0,0.0,1.0,1.0,1.0,1.0,0.0,1.0,1.0,0.0,0.0,0.0,0.0,6.0,B,4.0,A,A,A,A,A,A,A,B,A,A,B,B,B,A,B,A,A,A,A,B,A,B,A,A,A,A,A,A,A,B,A,A,A,A,A,A,A,A,A,A,B,A,A,A,A,A,A,A,A,A,B,B,B,,,,,,,,,,,,,,,,,,,A,A,A,A,B,B,,,,,A,A,A,A,A,A,B,A,B,B,B,B,B,A,B,B,A,B,,,,,,,,,,,,,C,A,A,C,A,A,A,B,B,A,B,A,B,A,B,A,B,B,B,B,D,A,A,A,A,A,A,A,A,A,D,D
1091,2019,2,24,A,49.0,B,E,A,A,A,A,B,B,B,B,B,30.0,10.0,,B,B,A,A,B,6.0,1.0,4.0,B,B,B,B,B,B,B,B,B,A,A,A,B,B,B,B,A,B,B,B,B,B,B,B,B,A,A,A,B,A,B,A,A,B,1.0,0.0,2.0,1.0,2.0,1.0,0.0,2.0,4.0,2.0,2.0,0.0,1.0,0.0,B,3.0,B,B,B,B,B,B,B,B,A,B,A,A,A,A,B,B,B,B,B,B,A,B,B,B,B,B,B,B,B,B,A,A,A,B,B,B,B,B,B,B,B,A,C,A,A,B,A,B,A,B,A,A,A,B,B,A,B,A,B,A,B,A,B,A,B,A,B,A,B,A,B,A,B,B,A,B,B,,,,,A,A,A,A,B,B,B,B,A,B,B,B,B,B,B,B,A,B,,,,,,,,,,,,,B,A,A,C,B,A,B,A,B,A,A,A,B,A,B,A,B,B,B,B,D,B,B,B,B,B,B,B,B,B,E,E
1092,2019,2,24,A,51.0,C,D,A,A,A,A,A,A,A,B,B,26.0,7.0,3.0,A,A,A,A,A,12.0,1.0,2.0,A,A,A,B,A,A,A,A,A,B,A,A,A,A,B,A,A,B,B,B,B,B,B,B,B,B,A,A,A,A,B,B,B,B,2.0,0.0,2.0,2.0,2.0,2.0,0.0,2.0,2.0,2.0,2.0,2.0,2.0,22.0,B,8.0,B,B,B,B,B,B,B,B,A,B,A,B,B,A,A,A,B,A,B,B,A,B,B,B,B,B,B,B,B,B,A,A,B,B,B,B,B,B,B,B,B,A,B,A,B,B,B,A,A,A,B,B,B,,,,,,,,,,,,,,,,,,,A,B,A,A,B,B,,,,,A,A,A,A,A,A,A,B,B,B,B,B,B,B,B,B,A,B,,,,,,,,,,,,,C,A,A,C,A,B,A,B,B,A,A,A,A,A,B,B,B,B,B,B,D,A,B,B,B,A,B,A,A,B,C,C
1093,2019,2,24,A,53.0,A,C,A,B,,,,,,,,,2.0,,B,B,B,A,A,108.0,37.0,68.0,B,A,A,B,B,A,A,A,A,A,A,A,A,A,B,A,A,B,B,B,B,B,B,B,B,B,A,A,A,A,A,B,B,B,1.0,0.0,1.0,0.0,1.0,0.0,0.0,1.0,2.0,2.0,0.0,1.0,0.0,4.0,B,3.0,B,B,B,B,B,B,B,B,A,A,A,A,B,B,B,B,B,A,B,B,A,A,B,B,B,B,B,B,B,B,A,A,A,B,B,B,B,B,B,B,B,A,A,A,A,B,A,A,A,B,B,B,B,,,,,,,,,,,,,,,,,,,A,B,B,A,B,B,,,,,A,A,A,B,B,A,B,B,B,B,B,B,B,A,B,B,A,B,,,,,,,,,,,,,B,A,A,B,B,B,A,B,B,A,A,A,B,A,B,B,B,B,B,B,D,A,A,B,A,A,A,A,B,A,D,D
1094,2019,2,24,A,53.0,C,C,A,A,A,B,B,B,B,B,B,30.0,3.0,,A,B,B,A,,50.0,1.0,5.0,B,B,B,B,B,B,B,B,B,A,A,A,B,B,B,B,A,B,B,B,B,B,B,B,B,B,A,B,B,B,A,B,B,B,3.0,0.0,1.0,1.0,2.0,2.0,0.0,2.0,2.0,0.0,2.0,2.0,6.0,12.0,B,1.0,B,B,B,A,B,A,B,B,A,A,A,B,B,A,B,A,A,A,B,B,A,B,B,B,B,B,B,A,B,B,A,A,A,B,B,B,A,B,A,B,B,A,C,A,B,B,B,A,A,B,B,B,B,,,,,,,,,,,,,,,,,,,A,B,A,A,B,B,,,,,A,A,A,A,A,A,B,A,A,B,A,B,A,A,B,B,A,A,D,B,A,A,A,B,B,B,A,A,B,B,B,A,A,B,B,B,A,B,B,A,B,B,A,B,B,B,B,B,B,B,D,A,A,B,A,A,B,A,A,A,C,C
1095,2019,2,24,A,53.0,C,E,A,A,A,A,B,B,B,A,B,25.0,5.0,,A,A,A,A,A,43.0,4.0,10.0,A,A,A,B,B,B,A,B,A,B,A,A,A,A,B,A,B,B,B,B,B,B,B,A,B,B,A,A,A,B,A,A,A,B,,,,,,,,,,,,,,,B,5.0,B,B,B,B,B,B,B,B,A,B,A,B,A,A,B,A,A,A,A,A,A,A,B,B,B,B,B,B,B,B,A,A,A,B,B,B,B,B,B,B,B,A,A,A,A,A,A,A,A,A,A,A,A,B,B,B,B,B,B,B,B,B,B,B,B,B,B,B,B,B,B,A,A,A,A,A,B,,,,,A,A,A,A,A,A,A,A,B,A,A,B,B,A,B,B,A,A,A,B,A,A,A,B,A,A,A,A,A,B,B,A,A,,,B,A,B,B,A,B,A,A,A,A,A,B,B,B,B,B,,A,,A,A,A,A,A,A,D,D
1096,2019,2,24,A,54.0,A,C,A,A,A,B,A,A,A,B,B,26.0,,,B,B,A,A,A,7.0,0.0,,B,B,B,B,B,B,B,B,B,B,A,A,A,A,A,B,A,B,B,B,A,B,B,B,B,B,A,A,A,A,A,B,A,B,1.0,,1.0,,1.0,,,,1.0,,1.0,,1.0,6.0,B,1.0,B,A,A,A,A,A,A,B,A,A,B,B,B,A,B,A,A,A,B,A,A,B,B,A,A,A,A,A,A,B,A,A,A,B,A,A,A,A,A,A,B,A,A,A,A,A,A,A,A,B,A,A,A,B,B,B,B,B,B,B,B,B,B,B,B,B,B,B,B,B,B,A,A,A,A,A,B,,,,,A,A,A,A,A,A,B,A,B,B,B,B,A,A,B,B,A,B,,,,,,,,,,,,,A,A,A,C,B,B,A,B,B,A,A,A,B,A,B,B,B,B,B,B,D,A,A,A,A,A,A,A,A,A,C,D
1097,2019,2,24,A,54.0,A,C,A,A,A,B,B,A,A,B,B,27.0,10.0,9.0,A,B,B,A,A,1480.0,412.0,1068.0,A,A,A,A,A,A,A,A,A,B,A,A,B,A,B,B,A,B,B,B,B,B,B,B,B,A,A,A,A,A,A,B,B,B,2.0,2.0,3.0,,2.0,,1.0,2.0,2.0,,2.0,1.0,,17.0,B,1.0,A,A,B,A,B,A,B,B,B,B,A,A,B,A,B,B,B,A,B,A,A,A,A,A,A,A,B,A,B,B,B,A,A,A,A,A,A,A,A,B,B,B,A,A,A,A,A,A,B,B,B,B,B,,,,,,,,,,,,,,,,,,,A,A,A,A,B,B,,,,,A,A,A,A,A,A,A,A,B,B,B,B,A,A,B,B,A,B,,,,,,,,,,,,,,A,A,C,B,B,A,B,B,A,B,A,B,A,B,B,B,B,B,B,D,A,A,,A,A,A,A,A,A,D,D
1098,2019,2,24,A,54.0,B,C,A,A,A,B,B,B,B,B,B,33.0,6.0,9.0,A,B,B,A,B,13.0,1.0,4.0,A,B,A,B,B,B,A,A,B,B,A,B,B,B,B,A,A,B,B,B,B,B,B,B,B,B,A,A,A,A,A,B,B,B,2.0,0.0,,,2.0,,,2.0,2.0,2.0,1.0,0.0,,9.0,B,4.0,B,A,A,A,A,A,A,A,A,B,A,A,A,A,A,A,B,A,B,B,A,B,B,A,A,A,A,A,A,A,A,A,B,B,A,A,A,A,A,A,A,A,A,A,A,A,A,A,B,B,B,B,B,,,,,,,,,,,,,,,,,,,A,A,A,B,A,B,,,,,A,A,B,A,A,B,A,B,A,B,B,B,B,A,B,A,A,B,,,,,,,,,,,,,B,A,A,C,B,B,A,B,B,A,A,A,A,A,A,B,B,B,B,B,D,A,A,A,A,A,A,A,A,A,C,C
1099,2019,2,24,A,55.0,C,D,A,A,A,B,B,A,A,B,B,20.0,2.0,10.0,A,B,A,A,B,9.0,1.0,2.0,A,A,A,B,B,A,A,A,A,B,A,A,A,B,A,A,A,B,B,B,B,B,B,A,B,A,B,,,,,,,,,,,,,,,,,,,,,,,,,,,,,,,,,,,,,,,,,,,,A,B,A,A,A,A,A,B,A,B,A,A,B,A,A,A,A,A,B,A,B,A,C,A,A,B,A,A,A,B,B,B,A,B,B,B,A,B,A,B,A,B,A,B,A,B,A,A,B,B,A,A,A,A,A,B,B,,,,,A,A,A,A,A,A,B,A,A,A,A,B,B,A,B,B,A,B,,,,,,,,,,,,,B,A,A,C,B,B,A,B,B,A,A,A,A,A,B,B,B,B,B,B,D,A,A,A,A,A,A,A,A,A,E,E
1100,2019,2,24,A,56.0,C,D,A,B,,,,,,,,,2.0,8.0,A,A,A,A,A,24.0,2.0,2.0,A,A,A,B,B,A,A,A,A,A,A,A,A,A,A,B,A,B,B,B,B,B,B,B,B,A,A,A,A,A,A,A,A,B,3.0,2.0,2.0,2.0,2.0,2.0,0.0,2.0,4.0,2.0,2.0,2.0,2.0,2.0,B,2.0,A,A,A,A,A,A,B,B,A,A,A,B,B,A,A,A,A,A,B,B,A,A,A,A,A,A,A,A,B,B,A,A,B,A,A,A,A,A,A,B,B,A,C,A,A,B,A,A,A,B,A,A,A,B,B,A,B,A,B,A,B,A,B,A,B,A,B,B,B,A,B,A,A,B,A,A,B,,,,,A,A,A,A,A,A,A,A,A,A,A,A,A,A,B,B,A,A,E,A,A,A,A,B,A,A,A,A,A,A,A,A,A,C,C,B,A,B,B,A,A,A,A,A,B,B,B,B,B,,D,B,B,B,B,A,B,B,B,B,C,C
1101,2019,2,24,A,57.0,C,C,A,A,A,B,B,B,B,B,B,33.0,3.0,,A,A,A,A,A,4.0,4.0,51.0,A,B,A,B,A,B,B,A,A,B,A,A,B,A,B,A,A,B,B,B,B,B,B,B,A,A,A,B,B,A,A,B,B,B,2.0,2.0,2.0,2.0,2.0,2.0,2.0,2.0,4.0,4.0,2.0,2.0,2.0,30.0,B,2.0,A,A,A,A,B,B,B,B,A,B,B,B,B,B,B,B,B,A,B,B,A,A,A,B,B,B,B,B,B,B,B,A,A,A,B,B,B,B,B,B,A,B,C,B,,,,,,,,,,,,,,,,,,,,,,,,,,,,A,A,A,B,A,B,,,,,A,B,B,A,B,B,B,B,A,A,B,B,B,B,B,A,A,A,B,A,B,A,A,B,B,A,A,A,B,B,C,A,A,C,C,A,B,B,B,A,A,A,A,B,B,B,B,B,B,B,B,A,A,A,A,A,A,A,A,A,C,C
1102,2019,2,24,A,58.0,C,D,A,A,A,B,B,A,B,B,B,39.0,,0.0,A,B,,,,8.0,0.0,0.0,A,A,A,B,B,A,A,A,A,B,A,A,A,A,B,A,A,B,B,B,B,A,B,A,B,A,A,A,A,A,A,B,A,B,2.0,0.0,0.0,0.0,1.0,0.0,0.0,0.0,2.0,0.0,2.0,2.0,1.0,10.0,A,1.0,B,A,A,A,B,B,B,B,A,A,A,B,B,A,B,A,A,A,B,B,A,B,B,A,A,A,B,B,B,B,A,A,B,B,A,A,A,B,B,B,B,A,A,A,A,B,A,A,A,B,A,B,B,,,,,,,,,,,,,,,,,,,A,A,A,A,A,B,,,,,A,A,A,A,A,A,B,B,B,B,B,B,B,A,B,B,A,B,,,,,,,,,,,,,B,A,A,C,B,B,A,B,B,A,A,A,B,A,A,A,B,B,B,B,D,A,B,B,A,A,A,A,,A,E,E
1103,2019,2,24,A,61.0,A,D,A,A,A,B,A,A,A,B,B,46.0,13.0,10.0,A,B,A,A,B,385.0,80.0,305.0,B,A,A,B,B,A,A,A,A,A,A,A,B,A,A,A,A,B,B,A,A,B,B,B,B,B,A,A,A,A,A,A,A,B,0.0,0.0,1.0,0.0,1.0,0.0,0.0,1.0,1.0,0.0,1.0,1.0,3.0,9.0,B,2.0,A,A,A,A,B,B,B,B,B,B,B,B,B,A,B,B,B,A,B,B,A,B,B,B,B,B,B,B,B,B,A,A,A,B,B,B,B,B,B,B,B,A,B,A,A,A,B,B,A,A,B,B,B,,,,,,,,,,,,,,,,,,,A,A,A,A,B,B,,,,,A,A,A,B,A,A,A,A,B,B,B,B,B,A,B,A,A,A,E,A,A,A,A,B,B,A,A,A,A,A,B,A,A,C,B,B,A,B,B,A,B,A,B,A,B,B,B,B,A,B,D,A,A,B,A,A,A,A,B,A,C,C
1104,2019,2,24,B,,A,D,A,A,B,B,B,B,B,B,B,,0.0,9.0,B,A,A,A,B,12.0,2.0,2.0,A,A,A,B,A,A,A,B,A,B,A,A,A,A,B,A,A,B,B,B,B,B,B,B,B,B,A,A,A,A,A,B,A,B,2.0,2.0,1.0,1.0,2.0,2.0,2.0,2.0,2.0,2.0,2.0,2.0,2.0,12.0,B,6.0,B,A,A,A,A,B,B,B,B,A,B,A,B,A,B,B,B,A,B,A,A,B,B,A,A,A,A,B,B,B,B,A,A,B,A,A,A,A,A,B,B,B,A,A,A,A,A,A,A,A,A,A,A,B,B,B,A,A,B,A,B,A,B,A,B,A,B,A,B,A,B,A,A,A,A,A,B,,,,,A,A,A,A,A,A,B,A,A,B,B,B,B,A,B,B,A,B,,,,,,,,,,,,,C,A,A,C,B,B,A,B,B,A,A,B,A,B,A,A,B,B,A,B,D,A,A,B,A,A,A,B,B,A,C,C
1105,2019,2,24,B,28.0,A,D,A,A,A,B,B,B,B,B,B,1.0,,11.0,B,B,A,A,A,103.0,23.0,53.0,B,B,A,B,B,B,A,B,B,B,A,A,B,B,A,A,A,B,B,B,B,B,B,B,B,A,A,B,B,B,A,B,B,B,3.0,0.0,2.0,2.0,2.0,2.0,0.0,2.0,2.0,2.0,2.0,0.0,2.0,10.0,B,5.0,B,A,A,A,B,B,B,B,B,B,B,B,B,A,A,A,B,B,B,B,A,B,B,A,A,A,B,B,B,B,B,A,A,B,A,A,A,B,B,B,B,B,A,A,B,A,A,A,A,A,B,B,B,,,,,,,,,,,,,,,,,,,A,B,A,A,B,B,,,,,A,A,A,A,A,B,B,A,B,B,A,B,B,B,B,B,A,B,,,,,,,,,,,,,A,A,A,C,A,B,A,B,B,A,,A,B,A,B,B,B,B,B,B,D,A,A,B,A,A,A,A,A,B,C,C
1106,2019,2,24,B,28.0,A,D,A,A,A,B,B,B,B,B,B,2.0,,8.0,B,B,A,A,A,151.0,43.0,80.0,B,B,B,B,B,B,B,B,B,B,A,A,B,B,B,A,A,B,B,B,B,B,B,B,B,B,A,A,A,A,A,B,B,B,2.0,,,,,,,2.0,,2.0,,,2.0,3.0,B,2.0,A,A,A,A,B,B,B,B,A,B,B,B,B,B,B,B,B,B,B,B,A,B,A,A,A,A,B,B,B,B,A,A,B,A,A,A,A,B,B,B,B,A,A,A,B,A,A,A,A,B,B,B,B,,,,,,,,,,,,,,,,,,,A,B,A,A,B,B,,,,,A,A,A,A,A,B,A,A,A,B,B,B,B,B,B,A,A,B,,,,,,,,,,,,,B,A,A,C,A,B,A,B,B,A,A,A,A,A,B,B,B,B,B,B,D,A,A,A,A,A,A,A,A,B,B,B
1107,2019,2,24,B,28.0,C,C,B,B,,,,,,,,,2.0,9.0,A,B,B,A,B,4.0,1.0,1.0,B,B,B,B,B,B,B,A,B,B,A,A,B,B,B,A,A,A,A,A,A,B,B,B,B,A,A,B,B,B,A,A,A,B,2.0,2.0,2.0,2.0,2.0,2.0,2.0,2.0,2.0,2.0,2.0,2.0,,24.0,B,3.0,B,A,A,A,A,B,A,B,A,B,B,B,B,A,A,A,B,A,B,A,A,A,B,A,A,A,A,B,A,B,A,A,B,B,A,A,A,A,B,A,B,A,C,A,A,A,A,B,A,B,A,B,A,A,A,A,B,A,B,A,B,A,B,A,B,A,B,A,B,A,B,A,A,B,A,A,B,,,,,A,A,A,A,A,B,A,B,B,B,B,B,B,A,B,B,A,A,E,B,A,A,A,B,B,B,A,A,A,B,C,A,A,C,B,A,B,B,B,A,B,A,A,A,B,B,B,B,B,B,D,A,A,B,A,A,A,A,B,B,D,B
1108,2019,2,24,B,29.0,B,D,A,A,A,B,B,B,B,B,B,11.0,3.0,,A,B,A,A,A,9.0,3.0,5.0,A,B,B,B,B,B,A,B,A,A,A,A,B,A,A,A,B,B,B,B,B,B,B,A,B,A,A,A,A,A,A,B,A,B,1.0,1.0,1.0,1.0,1.0,1.0,0.0,2.0,2.0,1.0,1.0,1.0,1.0,14.0,B,3.0,B,B,B,B,B,B,B,B,A,A,A,B,B,A,B,B,A,A,A,A,A,A,B,B,B,B,B,B,B,B,A,A,A,B,B,B,B,B,B,B,B,A,B,A,A,A,A,A,A,B,A,B,B,,,,,,,,,,,,,,,,,,,A,A,A,A,A,B,,,,,A,A,A,A,A,B,A,A,B,B,B,B,B,B,B,A,A,B,,,,,,,,,,,,,B,A,A,C,B,B,B,A,B,A,A,A,B,A,B,B,B,B,A,B,D,A,A,,A,A,A,A,A,A,E,E
1109,2019,2,24,B,30.0,A,D,A,A,A,B,B,B,B,B,B,2.0,1.0,7.0,B,B,A,A,B,4.0,1.0,1.0,B,B,B,B,B,B,B,B,B,B,A,A,A,B,B,B,A,B,B,B,B,B,B,B,B,A,A,A,A,A,B,B,B,B,4.0,0.0,1.0,1.0,0.0,0.0,0.0,0.0,2.0,2.0,2.0,0.0,2.0,8.0,B,4.0,B,A,A,A,B,A,B,B,A,B,A,A,A,A,A,B,A,A,B,A,A,A,B,A,A,A,B,A,B,B,A,A,A,B,A,A,A,B,A,B,B,A,C,A,A,A,A,A,A,B,A,B,B,,,,,,,,,,,,,,,,,,,A,A,A,A,A,B,,,,,A,A,A,A,B,A,A,A,B,A,A,B,B,B,B,A,A,B,,,,,,,,,,,,,B,A,A,C,B,B,A,B,B,A,B,A,A,A,B,B,B,B,B,B,D,A,A,A,A,A,A,A,A,B,C,C
1110,2019,2,24,B,32.0,B,C,B,A,B,B,A,B,B,B,A,5.0,1.0,,B,B,A,A,B,8.0,1.0,1.0,A,A,A,B,B,A,A,A,A,B,A,A,B,B,A,A,A,B,B,B,B,B,B,B,B,A,A,A,B,B,A,A,A,B,8.0,2.0,0.0,4.0,2.0,2.0,0.0,0.0,2.0,0.0,2.0,0.0,2.0,24.0,B,1.0,A,B,B,A,B,B,B,B,A,A,A,A,A,A,A,A,A,A,A,B,A,B,A,B,B,A,B,B,B,B,A,A,A,A,B,B,A,B,B,B,B,A,A,A,A,A,B,A,A,B,B,B,B,,,,,,,,,,,,,,,,,,,A,A,A,A,B,B,,,,,A,A,A,A,A,A,B,A,B,B,A,B,A,A,B,A,A,A,B,B,A,A,A,B,B,A,A,A,B,A,A,A,A,C,A,B,A,B,B,A,A,A,A,A,B,B,B,B,B,B,D,A,A,B,A,A,A,A,B,A,C,A
1111,2019,2,24,B,32.0,C,C,B,A,B,B,B,B,B,B,A,1.0,,2.0,B,A,A,A,B,10.0,1.0,1.0,A,A,A,A,B,A,A,A,A,A,A,A,B,B,A,A,A,B,A,A,A,B,B,B,B,B,A,A,A,A,A,A,A,B,1.0,1.0,1.0,,1.0,,1.0,1.0,1.0,1.0,1.0,1.0,1.0,2.0,B,3.0,B,A,A,A,B,A,B,A,B,B,A,B,B,B,B,A,A,A,A,B,A,B,B,A,A,A,B,A,B,B,B,A,A,B,A,A,A,B,A,B,B,B,C,A,A,B,A,A,A,A,B,B,B,,,,,,,,,,,,,,,,,,,A,B,A,A,B,B,,,,,B,,,,,,,,,,,,,,,,B,B,,,,,,,,,,,,,C,A,A,C,C,B,A,B,B,A,,A,A,A,B,A,B,B,B,B,D,A,A,A,A,A,A,A,A,A,B,D
1112,2019,2,24,B,32.0,C,D,A,A,A,B,B,B,B,B,B,13.0,2.0,10.0,B,B,B,A,A,14.0,1.0,4.0,B,A,A,B,B,A,A,A,A,B,A,A,B,B,B,A,A,B,B,B,B,B,B,B,B,A,A,A,A,A,A,A,A,B,2.0,0.0,1.0,1.0,0.0,2.0,0.0,2.0,2.0,2.0,2.0,0.0,2.0,0.0,B,2.0,A,A,A,A,A,B,B,B,A,B,B,A,A,A,A,A,A,A,B,B,A,B,A,A,A,A,A,B,B,B,A,A,B,A,A,A,A,A,B,B,B,A,B,A,A,B,A,A,A,B,B,B,B,,,,,,,,,,,,,,,,,,,A,A,A,B,B,B,,,,,A,A,A,A,A,A,B,A,B,B,B,B,B,B,B,B,A,B,,,,,,,,,,,,,B,A,A,C,B,B,B,A,B,A,A,A,B,A,B,B,B,B,B,B,D,A,A,B,A,A,A,A,B,B,C,C
1113,2019,2,24,B,32.0,C,D,A,B,,,,,,,,,,1.0,B,B,B,A,B,6.0,0.0,0.0,A,A,A,B,B,B,A,B,B,B,A,A,B,B,A,B,A,B,B,B,B,B,B,B,B,B,A,B,B,A,A,B,A,B,8.0,,1.0,1.0,1.0,1.0,,2.0,2.0,2.0,4.0,,2.0,6.0,B,3.0,B,A,A,A,B,A,B,B,B,B,A,B,B,A,B,B,A,A,A,B,A,A,B,A,A,A,B,A,B,B,B,A,B,B,A,A,A,B,A,B,B,B,A,A,B,A,A,B,A,A,B,A,A,B,B,B,B,B,B,B,B,B,B,B,B,B,B,B,B,B,B,A,B,B,A,B,B,,,,,A,A,B,A,B,A,B,B,B,B,B,B,A,B,B,B,A,B,,,,,,,,,,,,,B,A,A,,C,B,A,B,B,B,B,B,A,A,B,A,B,A,B,B,D,B,B,B,B,B,B,B,B,B,D,D
1114,2019,2,24,B,33.0,A,E,A,A,A,B,A,B,B,B,B,11.0,2.0,10.0,A,A,,,,15.0,0.0,0.0,A,A,A,B,B,A,A,A,A,B,A,A,B,B,B,B,A,B,B,B,B,B,B,B,B,B,A,A,A,A,A,B,A,B,2.0,0.0,1.0,0.0,0.0,0.0,,1.0,2.0,,1.0,,2.0,9.0,B,1.0,A,A,A,A,A,B,B,B,A,A,A,A,A,A,B,A,A,A,B,B,A,B,A,A,A,A,A,B,B,B,A,A,A,A,A,A,A,A,B,B,B,A,C,A,A,B,A,B,A,A,B,B,B,,,,,,,,,,,,,,,,,,,A,A,B,A,B,B,,,,,A,A,A,A,A,A,A,A,A,B,B,B,B,A,B,B,A,A,D,A,A,A,A,B,A,A,A,A,A,B,B,A,A,C,B,B,A,B,B,A,A,A,A,A,B,B,B,B,B,B,D,A,A,B,A,A,A,B,B,B,D,D
1115,2019,2,24,B,34.0,A,C,B,A,A,B,B,B,B,B,B,4.0,0.0,6.0,A,A,A,A,A,48.0,2.0,4.0,A,A,A,B,A,A,A,A,A,A,A,A,A,A,A,A,A,B,B,B,B,B,B,B,B,A,A,A,A,A,A,B,A,B,2.0,2.0,2.0,,2.0,2.0,,2.0,4.0,4.0,,2.0,9.0,31.0,B,9.0,B,B,B,A,B,B,B,B,A,B,A,B,B,A,B,A,A,A,B,A,A,A,B,A,A,A,B,B,B,B,A,A,A,B,A,A,A,B,B,B,B,A,A,A,A,A,A,A,A,B,B,B,B,,,,,,,,,,,,,,,,,,,A,A,A,A,B,B,,,,,A,A,A,A,A,A,A,A,B,B,B,B,B,A,A,A,A,B,,,,,,,,,,,,,B,A,A,C,A,B,A,B,B,A,B,A,A,A,B,A,B,B,B,B,D,A,A,A,A,A,A,A,A,A,D,D
1116,2019,2,24,B,34.0,A,D,A,A,A,A,A,B,B,B,B,12.0,2.0,,B,B,,,,3.0,0.0,0.0,A,A,A,A,B,A,A,A,A,A,A,A,B,B,B,A,A,B,B,B,B,B,B,B,B,A,,,,,,,,,,,,,,,,,,,,,,,,,,,,,,,,,,,,,,,,,,,,,,,,,,,,,,,,,,,,,,,,,,,A,A,A,A,A,A,A,B,B,B,B,,,,,,,,,,,,,,,,,,,A,A,A,A,B,B,,,,,A,A,A,A,A,A,A,A,B,B,B,B,B,A,B,B,A,B,,,,,,,,,,,,,A,A,A,C,A,B,A,B,B,A,A,A,A,A,B,A,B,B,B,B,D,A,A,,A,A,,A,,,A,E
1117,2019,2,24,B,34.0,A,D,A,A,A,B,B,B,B,B,B,14.0,4.0,5.0,A,A,B,A,A,23.0,4.0,4.0,A,B,A,B,B,B,A,B,B,B,A,A,A,B,B,A,A,B,B,B,B,B,B,B,B,B,A,A,B,A,A,A,B,B,2.0,0.0,2.0,1.0,2.0,1.0,0.0,2.0,2.0,2.0,0.0,2.0,2.0,2.0,B,8.0,B,A,A,A,B,B,B,B,A,A,B,B,B,A,A,A,B,A,B,B,A,B,B,A,A,A,B,B,B,B,A,A,A,B,A,A,A,B,B,B,B,A,A,A,B,B,A,A,A,B,B,B,B,,,,,,,,,,,,,,,,,,,A,B,A,A,B,B,,,,,A,A,A,A,A,B,A,A,A,B,A,B,B,B,B,B,A,B,,,,,,,,,,,,,B,A,A,C,A,B,A,B,B,A,B,A,A,A,B,B,B,B,B,B,D,B,A,A,A,A,B,A,A,A,C,C
1118,2019,2,24,B,34.0,A,D,A,A,A,B,B,B,B,B,B,15.0,2.0,9.0,B,A,,,,10.0,1.0,1.0,B,A,A,B,B,B,A,A,B,B,A,A,B,A,B,A,A,B,B,B,A,B,B,B,B,B,B,,,,,,,,,,,,,,,,,,,,,,,,,,,,,,,,,,,,,,,,,,,,A,A,B,A,A,A,A,B,B,B,B,A,A,B,A,A,A,A,B,B,B,B,A,A,B,B,A,B,A,B,B,B,B,,,,,,,,,,,,,,,,,,,A,B,B,A,B,B,,,,,A,A,A,A,A,B,B,B,B,B,B,B,A,B,B,B,A,A,E,B,B,A,A,B,B,A,A,A,A,B,C,A,A,A,B,B,A,B,B,A,B,A,A,A,B,B,B,B,B,B,B,A,A,B,A,A,B,B,B,B,D,D
1119,2019,2,24,B,35.0,A,D,A,A,B,B,B,B,A,B,B,17.0,6.0,10.0,A,B,A,A,B,7.0,1.0,2.0,B,B,A,B,B,B,B,B,B,B,A,A,B,B,B,B,A,B,B,B,B,B,B,B,B,A,A,A,B,A,B,B,B,B,2.0,0.0,1.0,1.0,2.0,,0.0,4.0,2.0,4.0,2.0,2.0,0.0,20.0,A,1.0,B,A,A,A,B,B,B,B,A,B,B,B,B,A,B,B,B,A,B,B,A,B,B,A,A,A,B,B,B,B,B,A,B,B,A,A,A,B,B,B,B,B,A,A,A,A,A,A,A,A,A,A,A,B,B,B,A,B,A,A,B,A,B,A,B,A,B,A,B,A,B,A,A,A,A,A,B,,,,,A,A,A,B,B,A,B,A,B,B,B,B,B,A,B,B,A,A,F,A,A,A,A,B,A,A,A,A,A,B,A,A,A,C,C,B,A,B,B,A,A,A,B,A,B,B,B,B,B,B,D,A,A,B,A,A,A,A,A,B,D,D
1120,2019,2,24,B,35.0,C,C,A,B,,,,,,,,,10.0,8.0,A,B,A,A,B,228.0,26.0,78.0,B,B,B,B,B,B,B,B,B,A,A,A,A,A,B,A,A,B,B,B,A,B,B,B,B,B,A,A,A,A,A,B,B,B,1.0,,1.0,,1.0,1.0,,1.0,,,1.0,1.0,,4.0,A,3.0,A,A,A,A,B,B,B,B,A,B,A,A,B,A,B,A,A,A,B,B,A,A,A,A,A,A,B,B,B,B,A,A,B,A,A,A,A,B,B,B,B,A,A,A,A,A,A,A,A,B,B,A,A,B,B,B,B,B,B,B,B,B,B,B,B,B,B,B,B,B,B,A,A,A,A,A,B,,,,,A,A,A,A,B,A,B,B,A,B,B,B,B,B,B,A,A,B,,,,,,,,,,,,,B,A,A,C,C,B,A,B,B,A,B,A,B,B,B,B,B,B,B,B,B,A,A,A,A,A,B,A,A,B,C,C
1121,2019,2,24,B,35.0,C,D,A,A,A,B,B,B,A,B,B,14.0,1.0,7.0,A,B,A,A,B,8.0,1.0,1.0,A,A,A,B,B,A,A,A,A,B,A,B,B,B,A,A,A,B,B,B,B,B,B,B,B,B,A,A,B,A,A,A,A,B,2.0,,,,4.0,2.0,,,,,,,6.0,3.0,B,3.0,A,A,A,A,B,A,B,B,A,B,B,B,B,A,A,A,A,A,B,B,A,B,A,A,A,A,B,A,B,B,A,A,A,A,A,A,A,B,A,B,B,A,A,A,A,A,A,A,A,B,B,B,B,,,,,,,,,,,,,,,,,,,A,A,A,A,B,B,,,,,A,A,B,A,A,B,A,A,B,B,B,B,B,B,B,A,A,B,,,,,,,,,,,,,C,A,A,C,A,B,B,A,B,A,A,A,A,A,A,B,B,B,B,B,D,A,B,B,A,A,B,A,A,B,D,C
1122,2019,2,24,B,35.0,C,D,A,B,,,,,,,,,3.0,,A,B,B,A,A,141.0,28.0,39.0,B,A,A,B,B,A,A,B,A,A,A,A,A,A,A,A,B,B,B,B,B,B,B,A,B,A,A,B,B,A,A,B,B,B,2.0,0.0,0.0,0.0,0.0,0.0,0.0,0.0,2.0,0.0,2.0,2.0,2.0,10.0,B,0.0,B,B,B,B,B,B,B,B,A,B,B,B,B,A,A,A,A,A,B,B,A,B,B,B,B,A,B,B,B,B,A,A,A,B,A,A,A,A,A,B,B,B,C,A,A,B,A,B,B,B,B,B,B,,,,,,,,,,,,,,,,,,,A,B,B,B,B,B,,,,,A,A,A,A,A,A,A,A,A,B,B,B,B,A,B,B,A,A,B,A,A,A,A,B,B,A,A,A,A,B,B,A,A,,,B,A,B,B,B,B,A,B,B,B,B,B,B,B,B,D,A,A,B,A,A,A,A,B,A,C,D
1123,2019,2,24,B,36.0,A,D,A,A,B,B,B,B,B,B,A,6.0,2.0,9.0,A,B,B,A,A,5.0,1.0,1.0,A,A,A,A,B,A,A,A,A,A,A,A,A,A,A,B,A,B,B,B,B,B,B,B,B,A,,,,,,,,,,,,,,,,,,,,,,,,,,,,,,,,,,,,,,,,,,,,,,,,,,,,,,,,,,,,,,,,,,,,A,A,A,A,A,A,A,A,B,B,,,,,,,,,,,,,,,,,,,A,A,A,A,A,B,,,,,A,A,A,A,A,A,A,A,A,A,B,B,A,A,B,A,A,A,D,A,A,A,B,B,A,A,A,B,B,B,C,A,A,C,C,B,A,A,B,A,B,A,B,A,B,B,B,B,B,B,D,A,A,B,A,A,A,A,A,A,D,D
1124,2019,2,24,B,36.0,C,D,A,A,A,B,A,B,B,B,B,15.0,5.0,,A,A,A,A,A,107.0,39.0,68.0,A,A,A,B,B,A,A,A,A,A,A,A,A,A,A,A,A,B,B,B,B,B,B,B,A,A,A,A,A,A,A,A,A,B,1.0,1.0,1.0,1.0,1.0,1.0,1.0,1.0,1.0,1.0,1.0,0.0,5.0,16.0,A,3.0,B,A,A,A,A,B,B,B,A,A,A,A,A,A,A,A,A,B,B,B,A,B,B,A,A,A,A,B,B,B,A,A,A,B,A,A,A,A,B,B,B,A,A,A,A,B,B,A,A,A,A,B,B,,,,,,,,,,,,,,,,,,,A,A,A,A,A,B,,,,,A,A,A,A,A,B,B,B,A,B,B,B,B,B,B,B,A,B,,,,,,,,,,,,,B,A,A,C,B,B,A,B,B,,,B,A,A,B,B,B,B,B,B,D,A,A,,A,A,A,A,,A,D,D
1125,2019,2,24,B,36.0,C,D,A,A,A,B,B,B,A,B,B,11.0,3.0,10.0,A,B,A,A,A,12.0,1.0,1.0,B,A,A,B,B,A,B,B,B,B,A,A,B,B,B,A,A,B,B,B,B,B,B,B,B,B,A,A,B,B,A,B,A,B,2.0,2.0,2.0,0.0,2.0,0.0,1.0,0.0,2.0,0.0,1.0,1.0,0.0,3.0,B,1.0,B,A,A,A,B,A,B,B,A,A,A,B,B,A,A,B,B,A,B,B,A,A,B,A,A,A,B,A,B,B,A,A,B,B,A,A,A,B,A,B,B,A,B,A,B,B,A,B,B,B,B,B,A,B,B,A,B,A,B,A,B,A,B,A,B,A,B,A,B,A,B,A,B,B,B,B,B,,,,,A,A,A,A,A,B,A,B,B,B,B,B,B,A,B,B,A,B,,,,,,,,,,,,,B,A,A,C,B,B,A,B,B,A,A,A,A,A,B,B,B,B,B,B,D,B,A,B,A,A,B,A,B,B,C,C
1126,2019,2,24,B,36.0,C,E,A,A,A,B,B,B,B,B,B,14.0,6.0,10.0,A,B,B,A,A,56.0,18.0,35.0,A,A,A,A,B,B,A,A,A,A,A,A,A,A,A,A,A,B,B,B,B,B,B,B,B,A,A,A,A,A,B,B,B,B,2.0,0.0,2.0,1.0,1.0,1.0,0.0,2.0,2.0,1.0,2.0,0.0,2.0,16.0,B,2.0,A,A,A,A,A,A,A,B,A,B,A,B,B,A,A,A,A,A,B,B,A,B,A,A,A,A,A,A,A,B,A,A,A,A,A,A,A,A,A,A,B,A,A,A,A,A,A,A,A,A,A,B,B,,,,,,,,,,,,,,,,,,,A,A,A,A,A,B,,,,,A,A,A,A,A,A,A,A,B,B,B,B,B,A,B,A,A,B,,,,,,,,,,,,,B,A,A,C,B,B,A,B,B,A,A,A,B,B,A,B,B,B,B,B,D,A,A,B,A,A,B,B,B,B,E,E
1127,2019,2,24,B,38.0,A,D,A,A,A,B,B,B,B,B,B,13.0,9.0,,A,B,B,A,A,3.0,0.0,0.0,B,B,A,B,B,B,A,B,B,B,A,A,B,A,B,A,A,B,B,B,B,B,B,B,B,A,A,B,B,A,A,B,B,B,2.0,0.0,1.0,1.0,4.0,0.0,0.0,0.0,2.0,2.0,0.0,0.0,2.0,14.0,A,0.0,B,A,A,A,A,B,B,B,A,B,B,B,B,A,B,B,B,A,B,B,A,B,B,A,A,A,A,A,B,B,A,A,A,B,A,A,A,A,A,B,B,A,A,A,A,A,B,B,A,B,B,B,B,,,,,,,,,,,,,,,,,,,A,A,B,A,B,B,,,,,A,A,A,A,B,A,B,A,A,B,B,B,B,A,B,B,A,B,,,,,,,,,,,,,B,A,A,C,B,B,A,B,B,A,A,A,A,A,B,B,B,B,B,B,D,B,A,B,B,A,B,B,B,B,D,D
1128,2019,2,24,B,38.0,C,C,A,A,A,B,B,A,B,B,A,10.0,2.0,0.0,B,B,B,A,B,8.0,1.0,2.0,B,B,B,B,B,B,B,A,B,B,A,A,B,A,A,A,A,B,B,B,B,B,B,B,B,B,A,A,B,B,A,B,A,B,2.0,,2.0,2.0,4.0,2.0,,,2.0,2.0,,2.0,,2.0,A,1.0,B,A,A,A,A,B,B,B,A,A,B,B,B,A,A,A,A,A,A,B,A,B,B,A,A,A,A,B,B,B,A,A,A,B,A,A,A,A,B,B,B,A,A,A,A,B,A,A,A,A,A,B,B,,,,,,,,,,,,,,,,,,,A,A,A,A,A,B,,,,,A,A,A,A,A,A,B,A,A,B,B,B,B,A,B,A,A,A,E,A,A,A,A,B,B,A,A,A,A,A,B,A,A,C,B,B,A,B,B,A,A,B,B,B,B,B,B,B,A,B,D,A,A,B,A,A,A,A,B,B,D,D
1129,2019,2,24,B,39.0,A,D,A,A,A,B,B,A,A,B,B,20.0,0.0,9.0,B,B,A,A,A,15.0,0.0,0.0,B,B,B,B,B,B,B,B,B,B,A,A,B,B,B,A,A,B,B,B,B,B,B,B,B,B,A,A,A,B,A,B,B,B,3.0,0.0,2.0,0.0,2.0,0.0,0.0,2.0,2.0,0.0,0.0,2.0,4.0,14.0,B,9.0,B,A,A,A,A,B,B,B,A,A,A,B,B,A,B,A,A,A,B,B,A,B,B,A,A,A,A,B,B,B,A,A,B,B,A,A,A,A,B,B,B,A,A,A,B,B,A,A,A,A,B,B,B,,,,,,,,,,,,,,,,,,,A,B,B,A,B,B,,,,,A,A,A,A,A,A,A,A,A,A,A,B,A,A,A,A,A,B,,,,,,,,,,,,,B,A,A,C,B,B,A,B,B,A,A,A,A,A,A,A,B,B,B,B,D,A,A,A,A,A,A,A,A,A,C,C
1130,2019,2,24,B,39.0,A,D,A,A,A,B,B,B,B,B,B,21.0,3.0,,A,B,A,A,B,153.0,31.0,122.0,B,B,B,B,B,B,B,B,B,B,A,A,B,B,B,B,A,B,B,B,B,B,B,B,B,B,A,A,A,A,A,B,A,B,1.0,0.0,2.0,1.0,4.0,0.0,0.0,1.0,1.0,2.0,0.0,0.0,0.0,2.0,B,2.0,B,B,B,B,B,B,A,A,A,B,B,B,B,A,A,A,A,A,B,B,A,B,B,B,B,B,B,B,B,B,A,A,B,B,B,B,B,B,B,B,B,A,A,A,A,B,A,B,A,B,B,B,B,,,,,,,,,,,,,,,,,,,A,A,B,A,B,B,,,,,A,A,A,A,A,A,B,B,B,B,B,B,B,B,B,B,A,B,,,,,,,,,,,,,C,A,A,C,C,B,A,A,B,A,A,A,A,A,B,B,B,B,B,B,D,A,A,,A,A,,A,A,,D,D
1131,2019,2,24,B,39.0,A,D,B,A,A,B,B,B,B,B,A,7.0,,11.0,B,B,B,A,B,8.0,0.0,1.0,A,A,A,B,B,A,A,A,A,A,A,A,A,A,A,A,A,B,B,A,B,B,B,A,B,B,A,A,A,A,B,B,B,B,2.0,0.0,5.0,1.0,2.0,1.0,0.0,3.0,4.0,2.0,0.0,2.0,2.0,2.0,B,0.0,A,A,A,A,A,B,B,B,A,A,A,A,B,A,B,A,A,B,B,B,A,B,A,A,A,A,A,B,B,B,A,A,B,A,A,A,A,A,B,B,B,A,B,A,B,B,A,A,A,B,B,B,B,,,,,,,,,,,,,,,,,,,A,A,A,A,B,B,,,,,A,A,A,A,A,B,B,A,A,B,B,B,B,A,B,B,A,B,,,,,,,,,,,,,B,A,A,C,B,B,A,B,B,A,,A,A,A,A,B,B,B,B,B,D,B,B,B,A,A,B,A,B,B,D,D
1132,2019,2,24,B,39.0,C,D,A,A,A,B,B,B,B,B,B,9.0,1.0,4.0,B,B,A,A,B,9.0,0.0,2.0,B,B,A,B,A,A,A,A,A,B,A,A,B,B,B,B,A,B,B,B,B,B,B,B,B,B,A,A,A,A,A,B,B,B,1.0,1.0,2.0,,1.0,1.0,,1.0,1.0,,1.0,1.0,,,B,0.0,B,B,B,B,B,B,B,B,B,B,A,B,B,A,A,B,B,A,B,B,A,B,B,B,B,B,B,B,B,B,B,A,B,B,B,B,B,B,B,B,B,B,C,A,B,B,B,B,A,A,B,B,B,,,,,,,,,,,,,,,,,,,A,A,B,A,B,B,,,,,A,A,A,A,B,B,B,B,B,B,B,B,B,B,B,B,A,A,B,A,A,A,A,B,B,B,A,A,B,B,A,A,A,C,B,B,A,B,B,A,,A,B,A,B,B,B,B,B,B,D,A,A,B,,A,,,,,D,D
1133,2019,2,24,B,39.0,C,D,A,A,A,B,B,B,B,B,B,14.0,6.0,10.0,A,B,A,A,A,8.0,1.0,2.0,A,A,A,B,B,A,A,A,A,B,A,A,B,B,B,B,A,B,B,B,A,B,B,B,B,B,A,A,A,A,B,B,B,B,1.0,0.0,1.0,0.0,1.0,0.0,0.0,0.0,1.0,0.0,1.0,1.0,1.0,3.0,B,1.0,A,B,B,A,A,B,B,B,A,A,A,B,A,A,A,B,A,A,B,B,A,A,A,B,B,A,A,B,B,B,A,A,A,A,B,B,A,A,B,B,B,A,A,A,,,A,A,A,A,A,B,B,,,,,,,,,,,,,,,,,,,A,B,A,A,A,B,,,,,A,A,A,A,A,A,A,A,B,B,B,B,B,B,B,B,A,A,E,B,B,A,B,B,B,B,A,A,A,B,B,A,A,C,B,B,A,B,B,A,A,A,A,A,B,B,B,B,B,B,D,A,A,B,A,A,A,A,A,A,C,C
1134,2019,2,24,B,40.0,A,D,A,A,B,B,A,B,B,B,B,10.0,1.0,6.0,A,B,B,A,A,24.0,1.0,1.0,B,A,B,B,B,B,A,B,A,B,A,A,B,B,B,B,A,B,B,B,B,B,B,B,B,B,,,,,,,,,,,,,,,,,,,,,,,,,,,,,,,,,,,,,,,,,,,,,,,,,,,,,,,,,,,,,,,,,,,C,A,B,B,A,A,A,B,B,B,B,,,,,,,,,,,,,,,,,,,A,B,A,A,B,B,,,,,A,A,B,B,B,B,B,B,B,B,B,B,B,B,B,B,A,B,,,,,,,,,,,,,B,A,A,C,B,B,A,B,B,A,B,B,B,A,B,B,B,B,B,B,D,A,A,B,A,A,A,A,A,A,C,C
1135,2019,2,24,B,40.0,A,D,A,A,B,B,B,A,B,B,A,20.0,2.0,,A,A,B,A,B,6.0,0.0,0.0,B,A,A,B,B,A,A,A,A,A,A,A,B,B,A,B,A,B,B,B,B,B,B,B,B,B,A,B,A,A,A,A,A,B,1.0,0.0,1.0,0.0,2.0,1.0,0.0,3.0,2.0,0.0,1.0,0.0,3.0,9.0,A,2.0,B,A,A,A,A,A,B,B,A,A,B,A,A,A,A,A,A,B,A,B,A,B,B,A,A,A,A,B,B,B,A,A,A,B,A,A,A,A,B,B,B,A,C,A,A,B,B,A,A,B,B,B,B,,,,,,,,,,,,,,,,,,,A,A,B,B,B,B,,,,,A,A,A,A,B,B,A,B,B,B,B,B,B,B,B,A,A,A,B,B,B,B,A,B,B,A,A,A,B,A,B,A,A,A,B,B,A,B,B,A,A,A,B,A,B,B,B,B,B,B,D,B,A,A,A,B,B,A,B,B,C,D
1136,2019,2,24,B,40.0,C,D,A,A,A,B,A,A,B,B,B,20.0,2.0,,B,A,A,A,B,3.0,1.0,1.0,A,A,A,B,B,A,A,B,A,B,A,A,B,B,A,A,A,B,B,B,B,B,B,B,B,B,A,B,B,A,A,B,A,B,,,1.0,1.0,1.0,1.0,,,2.0,2.0,4.0,,8.0,20.0,B,8.0,B,A,A,A,A,B,B,B,A,B,A,A,A,A,A,A,A,A,B,B,A,B,B,A,A,A,A,B,B,B,A,A,A,B,A,A,A,A,B,B,B,A,C,A,A,A,A,A,A,B,B,B,B,,,,,,,,,,,,,,,,,,,A,A,A,A,B,B,,,,,A,A,A,A,A,A,A,B,A,A,B,B,A,A,A,B,A,B,,,,,,,,,,,,,A,A,A,,,B,A,A,B,A,A,B,A,A,B,B,B,B,B,B,D,A,A,B,A,A,B,A,A,B,D,D
1137,2019,2,24,B,40.0,C,D,A,A,A,B,A,B,A,B,B,22.0,,7.0,B,B,B,A,B,27.0,2.0,4.0,B,A,A,B,B,A,A,B,A,A,A,A,A,A,A,A,B,B,B,B,B,B,B,A,B,B,A,A,B,A,A,A,A,B,2.0,1.0,0.0,0.0,1.0,0.0,2.0,,2.0,0.0,2.0,2.0,2.0,4.0,B,9.0,B,B,B,B,A,B,A,B,A,B,B,B,B,A,A,A,A,A,A,A,A,A,B,B,B,B,A,B,A,B,A,A,A,B,B,B,B,A,B,A,B,A,C,A,A,B,A,A,A,B,A,B,B,,,,,,,,,,,,,,,,,,,A,A,A,A,A,B,,,,,A,A,A,B,A,A,B,A,B,B,B,B,B,A,B,B,A,B,,,,,,,,,,,,,C,A,A,C,A,B,A,B,B,A,A,A,B,A,B,B,B,B,B,B,D,A,B,B,A,A,A,A,B,B,D,D
1138,2019,2,24,B,40.0,C,D,A,A,A,B,B,B,B,B,B,20.0,3.0,,A,A,A,A,B,10.0,1.0,1.0,A,A,A,B,B,A,A,B,A,B,A,A,B,B,A,B,A,B,B,A,A,B,B,B,B,B,A,B,B,A,B,B,A,B,1.0,0.0,2.0,2.0,2.0,1.0,0.0,2.0,2.0,2.0,0.0,2.0,0.0,8.0,B,1.0,B,B,B,B,B,B,B,B,A,A,A,A,A,A,A,A,A,A,A,B,A,A,B,B,B,B,B,B,B,B,A,A,A,B,B,B,B,B,B,B,B,A,A,A,B,B,A,B,A,A,A,B,B,,,,,,,,,,,,,,,,,,,A,B,B,A,B,B,,,,,A,A,A,A,B,B,B,B,B,B,B,B,B,B,B,B,A,B,,,,,,,,,,,,,A,A,A,C,B,B,A,B,B,A,A,A,B,B,B,B,B,B,B,B,D,B,A,B,A,A,A,A,A,A,D,D
1139,2019,2,24,B,41.0,A,D,A,A,A,A,B,A,B,B,B,20.0,2.0,9.0,A,B,B,A,B,6.0,1.0,1.0,B,B,B,B,B,B,A,B,A,B,A,A,A,B,A,A,A,B,B,B,B,B,B,B,B,B,A,A,A,A,B,B,B,B,,,,,1.0,1.0,,3.0,1.0,1.0,,,,5.0,B,0.0,B,A,A,A,B,B,B,B,A,B,B,B,B,B,B,B,B,A,B,B,A,B,B,A,A,A,B,B,B,B,A,A,A,B,A,A,A,A,B,B,B,A,C,A,B,B,A,A,A,A,B,B,B,,,,,,,,,,,,,,,,,,,A,B,A,A,B,B,,,,,A,A,A,B,A,B,B,B,B,B,B,B,B,B,B,A,A,B,,,,,,,,,,,,,C,A,A,C,A,B,A,B,B,A,,A,A,A,B,B,B,B,B,B,D,A,A,B,A,A,A,A,B,A,C,C
1140,2019,2,24,B,41.0,D,F,A,A,A,B,A,B,B,B,B,20.0,6.0,6.0,A,B,B,A,B,236.0,107.0,129.0,A,A,A,B,B,A,A,B,A,B,A,A,B,A,B,A,B,B,B,B,B,B,B,A,B,A,A,A,A,A,A,B,A,B,,1.0,1.0,1.0,1.0,1.0,1.0,2.0,2.0,,,2.0,,12.0,B,8.0,A,A,A,A,A,B,B,A,A,A,A,B,A,A,A,B,B,A,B,A,A,A,B,B,B,A,A,B,A,A,A,A,A,B,B,B,A,A,B,A,A,A,A,A,A,A,A,A,A,A,A,B,B,,,,,,,,,,,,,,,,,,,A,B,A,A,B,B,,,,,A,A,A,A,A,B,B,A,B,B,B,B,B,A,B,B,A,A,G,B,B,A,B,B,B,B,A,A,A,B,B,A,A,C,A,B,A,B,B,A,A,A,B,A,B,B,B,B,B,B,D,A,A,A,A,A,A,A,A,A,D,D
1141,2019,2,24,B,42.0,A,D,A,A,A,A,A,A,A,B,B,21.0,2.0,9.0,A,A,B,A,A,13.0,1.0,2.0,A,A,A,B,B,A,A,A,A,B,A,A,A,A,B,A,A,B,B,B,B,B,B,B,B,B,A,A,A,A,A,B,B,B,2.0,0.0,1.0,1.0,1.0,1.0,0.0,2.0,2.0,2.0,2.0,2.0,,8.0,A,3.0,B,A,A,A,B,B,B,B,A,B,B,B,B,A,B,A,A,A,B,B,A,B,B,A,A,A,B,B,B,B,A,A,A,B,A,A,A,B,B,B,B,A,A,A,A,A,A,A,A,B,B,B,B,,,,,,,,,,,,,,,,,,,A,A,A,A,B,B,,,,,A,A,A,A,A,A,A,A,B,B,B,B,A,A,B,B,A,B,,,,,,,,,,,,,B,A,A,C,B,B,A,B,B,A,A,A,B,A,B,A,B,B,B,B,D,A,A,B,A,A,A,A,B,A,D,D
1142,2019,2,24,B,42.0,C,C,B,A,B,B,B,B,A,B,B,14.0,7.0,,A,B,B,A,A,4.0,0.0,0.0,B,B,B,B,B,B,B,B,B,A,A,A,A,A,A,A,A,B,B,B,A,B,B,B,B,B,A,B,A,A,A,B,B,B,2.0,,2.0,,2.0,2.0,,2.0,2.0,2.0,,,,14.0,B,4.0,B,B,B,B,B,B,B,B,A,A,A,A,A,A,A,A,A,A,A,B,B,,,,,,,,,,,A,B,B,B,B,B,B,B,B,B,A,B,A,B,B,A,B,A,A,A,B,B,,,,,,,,,,,,,,,,,,,A,B,B,A,A,B,,,,,,,,,,,,,,,,,,,,,A,A,E,A,A,A,A,B,A,A,A,A,A,B,B,A,A,C,C,B,A,B,B,A,B,B,B,A,B,B,B,B,B,B,D,A,A,A,,A,,A,,A,D,D
1143,2019,2,24,B,42.0,C,D,A,B,,,,,,,,,,,A,B,A,A,B,4.0,0.0,0.0,A,B,A,B,B,A,A,B,A,B,A,A,B,B,B,B,A,B,B,B,B,B,B,B,B,B,A,A,A,A,A,A,A,B,1.0,0.0,0.0,0.0,1.0,1.0,0.0,1.0,2.0,0.0,0.0,1.0,2.0,2.0,B,2.0,B,A,A,A,A,A,A,B,B,A,A,A,A,A,B,A,B,B,B,B,A,B,B,A,A,A,A,A,A,B,B,A,B,B,A,A,A,A,A,A,B,B,A,A,B,A,A,B,A,B,B,B,B,,,,,,,,,,,,,,,,,,,A,B,B,A,B,B,,,,,A,A,A,A,A,A,B,B,B,B,B,B,B,A,B,B,A,B,,,,,,,,,,,,,B,,A,B,B,A,A,A,B,A,A,A,A,A,A,A,B,B,B,B,D,A,A,,,A,,A,A,,C,C
1144,2019,2,24,B,43.0,A,C,A,A,A,B,B,B,B,B,B,11.0,2.0,9.0,A,B,B,A,B,240.0,30.0,210.0,B,B,B,B,B,B,B,B,B,B,A,A,A,B,A,B,A,B,B,A,A,B,B,B,B,B,A,B,B,B,A,B,B,B,4.0,,6.0,,,,,,,,2.0,2.0,,2.0,B,6.0,B,B,B,A,A,B,B,B,A,A,B,B,A,A,A,A,A,A,A,A,A,A,B,A,A,A,A,B,B,B,A,A,A,B,A,A,A,A,B,B,B,A,C,A,B,A,A,A,A,A,B,B,B,,,,,,,,,,,,,,,,,,,A,B,A,A,B,B,,,,,A,A,A,A,A,A,A,A,A,A,A,A,A,A,A,B,A,A,B,B,B,A,A,B,B,B,A,A,A,B,C,A,A,C,C,B,A,B,B,A,,A,A,A,A,A,B,B,B,B,D,A,A,A,A,A,A,A,A,A,C,C
1145,2019,2,24,B,43.0,A,D,A,A,A,B,A,B,B,B,B,21.0,,6.0,B,B,B,A,B,347.0,87.0,260.0,B,B,B,B,B,B,B,B,B,B,A,A,B,B,B,A,A,B,B,B,B,B,B,B,B,B,A,A,A,A,A,B,B,B,2.0,,,,,,,,2.0,2.0,2.0,2.0,4.0,14.0,B,4.0,B,B,A,B,A,A,B,B,A,A,A,A,A,A,B,A,B,A,B,B,A,B,B,B,A,A,A,A,B,B,A,A,B,B,B,A,A,A,A,B,B,A,A,A,B,B,A,A,A,B,A,B,B,,,,,,,,,,,,,,,,,,,A,B,A,A,A,B,,,,,A,A,A,A,B,A,A,B,A,B,B,B,A,A,B,A,A,B,,,,,,,,,,,,,A,A,A,,B,B,A,B,B,A,A,A,A,A,B,B,B,B,B,B,D,A,A,,A,A,,,,,D,D
1146,2019,2,24,B,43.0,A,D,A,A,A,B,B,B,B,B,B,20.0,1.0,3.0,B,B,,,,14.0,1.0,1.0,A,A,A,B,B,A,A,B,A,A,A,A,A,A,B,A,A,B,B,B,B,B,B,B,B,B,A,A,B,A,A,A,B,B,3.0,2.0,0.0,0.0,4.0,1.0,2.0,2.0,2.0,2.0,0.0,0.0,,9.0,B,3.0,A,A,A,A,B,B,B,B,B,A,B,B,B,A,B,A,A,A,B,B,A,A,A,A,A,A,B,B,A,B,B,A,A,A,A,A,A,B,B,A,B,B,B,A,A,B,A,A,A,B,B,B,B,,,,,,,,,,,,,,,,,,,A,A,A,A,B,B,,,,,A,A,A,A,A,B,B,A,A,A,B,B,B,A,B,B,A,B,,,,,,,,,,,,,B,A,A,C,A,B,A,A,B,A,A,A,A,A,B,B,B,B,B,B,D,A,A,B,A,A,A,A,A,A,D,D
1147,2019,2,24,B,43.0,C,C,A,B,,,,,,,,,,5.0,B,B,A,A,B,15.0,0.0,1.0,B,B,B,B,B,B,B,B,B,B,A,A,B,B,B,A,A,B,B,B,B,B,B,B,B,A,A,A,A,B,A,B,B,B,1.0,0.0,0.0,0.0,1.0,0.0,0.0,1.0,1.0,1.0,0.0,0.0,3.0,8.0,B,2.0,B,B,B,A,B,B,B,B,A,A,B,B,B,A,B,A,B,B,B,A,B,,,,,,,,,,,A,B,B,B,B,A,B,B,B,B,A,C,A,B,B,A,A,A,A,B,B,B,,,,,,,,,,,,,,,,,,,A,A,A,A,A,B,,,,,A,A,B,A,A,B,B,A,A,B,B,B,B,A,B,B,A,A,E,A,A,A,A,B,B,A,B,A,A,B,B,A,A,,,B,A,B,B,A,,A,A,A,A,B,B,B,B,A,,A,A,A,A,A,B,B,B,B,C,C
1148,2019,2,24,B,44.0,A,D,A,A,A,B,A,A,A,B,B,21.0,1.0,8.0,B,A,,,,16.0,2.0,2.0,A,A,A,A,B,A,A,A,A,A,A,A,B,B,B,A,A,B,B,A,B,B,B,B,B,A,A,A,A,A,B,B,A,B,2.0,,2.0,2.0,2.0,2.0,,2.0,2.0,,4.0,,2.0,20.0,B,3.0,A,A,A,A,A,A,A,B,A,A,A,B,A,A,B,B,B,A,B,A,A,B,A,A,A,A,A,A,A,B,A,A,A,A,A,A,A,A,A,A,B,A,A,A,A,A,A,A,A,B,A,B,B,,,,,,,,,,,,,,,,,,,A,A,A,A,A,B,,,,,A,A,A,A,A,A,A,B,A,B,B,B,A,A,B,B,A,A,E,B,A,A,A,B,B,A,A,A,A,B,C,A,A,B,C,B,B,A,B,A,A,A,A,A,B,B,B,B,B,B,D,A,B,B,A,A,B,B,B,A,D,D
1149,2019,2,24,B,44.0,A,D,A,A,A,B,B,B,B,B,B,18.0,2.0,9.0,A,B,,A,,107.0,35.0,72.0,B,B,A,B,B,B,A,B,B,B,A,A,A,B,B,A,B,B,A,A,A,B,B,A,B,A,A,A,A,A,A,B,B,B,4.0,0.0,0.0,0.0,4.0,2.0,0.0,0.0,0.0,0.0,4.0,,,14.0,B,4.0,B,A,A,A,B,B,B,B,A,A,A,A,B,A,B,B,A,A,B,B,A,B,B,A,A,A,B,B,B,B,A,A,A,B,A,A,A,B,B,B,B,A,A,A,B,A,A,B,A,A,B,B,B,,,,,,,,,,,,,,,,,,,A,B,B,A,B,B,,,,,A,A,A,A,B,A,A,B,B,B,B,B,B,A,B,A,A,B,,,,,,,,,,,,,B,A,A,B,B,B,A,B,B,B,B,A,A,A,B,B,B,B,B,B,D,A,A,,A,A,,A,A,,E,E
1150,2019,2,24,B,44.0,A,E,A,A,A,A,A,A,B,B,B,26.0,2.0,9.0,A,B,A,A,B,120.0,21.0,21.0,B,B,B,B,B,B,B,B,B,A,A,A,B,B,A,A,A,B,B,B,B,B,B,B,B,B,A,B,B,A,A,B,B,B,,,2.0,,2.0,,,,,,2.0,,2.0,6.0,B,6.0,B,A,A,A,A,A,B,B,A,B,B,B,B,A,B,B,B,A,B,A,A,A,B,A,A,A,A,A,B,B,A,A,A,B,A,A,A,A,A,B,B,A,A,A,B,B,A,B,A,B,B,B,B,,,,,,,,,,,,,,,,,,,A,B,B,A,A,B,,,,,A,A,A,A,A,A,A,B,B,B,B,B,B,B,B,B,A,B,,,,,,,,,,,,,,A,A,,,B,A,B,B,A,A,A,B,A,B,B,B,B,B,B,D,A,A,B,A,A,B,B,A,B,D,D
1151,2019,2,24,B,44.0,C,D,A,A,A,B,A,A,B,B,A,20.0,2.0,5.0,B,B,B,A,B,11.0,2.0,2.0,A,A,A,B,B,B,A,A,B,A,A,A,B,A,A,A,A,B,B,B,B,B,B,B,B,A,A,A,A,A,A,A,B,B,1.0,2.0,1.0,1.0,1.0,1.0,0.0,2.0,4.0,2.0,2.0,0.0,2.0,13.0,A,1.0,B,B,B,A,B,B,B,B,A,A,B,B,A,A,A,A,A,A,B,B,A,B,B,B,B,A,B,B,B,B,A,A,B,B,B,B,A,B,B,B,B,A,B,A,A,A,A,A,A,B,B,B,B,,,,,,,,,,,,,,,,,,,A,A,A,A,B,B,,,,,A,A,A,A,B,B,A,A,B,B,B,B,B,A,B,A,A,B,,,,,,,,,,,,,B,A,A,C,B,B,A,B,B,A,A,A,A,A,B,A,B,B,A,B,D,A,B,B,B,A,B,A,A,B,D,D
1152,2019,2,24,B,44.0,D,D,A,A,A,B,B,B,B,B,B,26.0,2.0,9.0,A,B,B,A,A,124.0,28.0,63.0,A,A,A,B,B,A,A,A,A,B,A,A,A,B,B,A,A,B,B,B,B,B,B,B,B,B,A,A,A,A,A,A,B,B,2.0,2.0,0.0,0.0,2.0,0.0,0.0,0.0,2.0,0.0,2.0,2.0,6.0,3.0,B,1.0,B,A,A,A,A,A,B,B,A,A,A,A,A,A,A,A,A,A,A,B,A,B,B,A,A,A,A,A,B,B,A,A,B,B,A,A,A,A,A,B,B,A,A,A,B,B,B,A,A,B,B,B,B,,,,,,,,,,,,,,,,,,,A,B,A,A,B,B,,,,,A,B,A,B,B,B,B,B,B,B,B,B,B,B,B,B,A,B,,,,,,,,,,,,,B,A,A,,A,B,A,B,B,A,,A,A,A,A,A,B,B,A,B,D,B,A,B,B,A,A,A,B,A,D,D
1153,2019,2,24,B,45.0,A,D,A,A,A,B,A,A,B,B,B,17.0,2.0,9.0,A,B,B,A,A,7.0,2.0,2.0,A,A,A,A,A,A,A,A,A,A,A,A,B,B,A,A,A,B,B,B,B,B,B,B,B,B,B,,,,,,,,,,,,,,,,,,,,,,,,,,,,,,,,,,,,,,,,,,,,A,A,B,A,A,A,B,B,B,B,A,A,A,B,A,A,A,B,B,B,B,A,B,A,A,B,A,A,A,B,A,B,B,,,,,,,,,,,,,,,,,,,A,A,A,A,A,B,,,,,A,A,A,A,A,A,A,A,B,B,B,B,A,A,B,B,A,B,,,,,,,,,,,,,B,A,A,,B,B,B,A,B,B,A,A,A,A,A,B,B,B,B,B,D,A,A,,A,A,A,A,,A,D,D
1154,2019,2,24,B,45.0,A,D,A,A,A,B,A,A,B,B,B,21.0,2.0,9.0,A,B,B,A,B,32.0,18.0,14.0,A,A,A,B,B,A,A,A,A,B,A,A,B,A,B,A,A,B,B,B,B,B,B,B,B,B,B,,,,,,,,,,,,,,,,,,,,,,,,,,,,,,,,,,,,,,,,,,,,A,A,B,A,A,A,B,B,B,B,A,A,A,B,A,A,A,B,B,B,B,A,C,A,A,A,A,A,A,A,B,B,B,,,,,,,,,,,,,,,,,,,A,A,A,A,B,B,,,,,A,A,A,A,A,A,B,A,B,B,B,B,B,A,A,B,A,A,B,A,A,A,B,B,A,A,A,A,A,B,A,A,A,C,B,B,A,B,B,A,B,B,A,A,A,A,B,B,B,B,D,A,A,A,A,A,A,A,A,A,D,D
1155,2019,2,24,B,45.0,A,D,A,A,A,B,A,B,B,B,B,24.0,6.0,9.0,A,A,A,A,B,8.0,,2.0,A,A,B,B,A,A,A,A,A,B,A,A,B,B,B,A,A,B,B,B,B,B,B,B,B,A,A,A,A,A,A,B,B,B,1.0,,1.0,,2.0,,,,1.0,1.0,,1.0,1.0,2.0,B,2.0,B,B,B,B,B,B,B,A,A,B,A,A,A,A,A,B,A,B,B,B,A,B,B,A,A,A,B,B,B,B,A,A,,B,A,A,A,B,B,B,B,A,A,B,,,,,,,,,,,,,,,,,,,,,,,,,,,,,,,,,B,,,,,A,A,A,A,A,B,B,B,B,B,B,B,B,B,B,B,A,A,C,B,A,A,A,B,B,B,A,A,A,B,B,A,A,B,B,B,A,B,B,A,B,A,A,A,B,B,B,B,B,B,D,A,A,B,B,A,B,B,A,B,D,A
1156,2019,2,24,B,45.0,A,D,A,A,A,B,B,B,B,B,B,27.0,3.0,10.0,A,B,B,A,A,3.0,1.0,1.0,A,B,B,B,B,B,A,A,A,B,A,A,A,A,A,A,A,B,A,A,A,B,B,B,B,B,A,A,A,A,A,A,A,B,2.0,0.0,2.0,2.0,2.0,2.0,0.0,2.0,2.0,2.0,0.0,2.0,2.0,20.0,A,6.0,B,A,A,A,A,A,B,B,A,A,B,B,B,A,A,A,A,A,B,B,A,B,B,A,A,A,A,A,B,B,A,A,B,B,A,A,A,A,A,B,B,A,A,A,B,A,A,B,A,A,B,B,B,,,,,,,,,,,,,,,,,,,A,B,B,A,B,B,,,,,A,A,A,A,A,A,A,A,A,B,B,B,A,A,B,B,A,B,,,,,,,,,,,,,A,A,A,C,B,B,A,B,B,A,A,B,B,B,B,A,B,B,B,B,D,A,,A,A,A,,A,A,,D,D
1157,2019,2,24,B,45.0,A,D,A,A,B,B,A,B,B,B,B,25.0,10.0,10.0,A,B,B,A,B,10.0,0.0,0.0,B,A,B,B,B,B,A,A,B,B,A,A,B,B,B,A,B,B,B,A,B,B,B,B,B,A,A,A,A,A,B,B,A,B,1.0,1.0,1.0,0.0,1.0,0.0,0.0,2.0,1.0,0.0,0.0,0.0,0.0,3.0,B,1.0,B,A,A,A,A,A,B,B,A,A,B,A,B,A,B,B,A,A,B,,A,B,B,A,A,A,A,A,B,B,A,A,A,B,A,A,A,A,A,B,B,A,A,A,A,B,A,B,B,B,B,B,B,,,,,,,,,,,,,,,,,,,A,A,B,A,B,B,,,,,A,A,A,A,A,A,A,A,B,B,B,B,B,B,B,B,A,B,,,,,,,,,,,,,B,A,A,C,A,B,A,B,B,A,A,A,A,A,B,B,B,B,B,B,D,A,A,B,A,A,A,A,B,B,C,C
1158,2019,2,24,B,45.0,C,C,A,B,,,,,,,,,3.0,10.0,A,B,B,A,A,,,,A,A,A,B,A,A,A,A,A,A,A,A,A,A,A,B,A,B,A,A,B,B,B,B,B,B,A,A,A,A,A,A,A,B,,,,,,,,,,,,,,,,,B,B,B,B,B,B,B,B,B,B,B,B,B,B,B,B,B,B,B,,,,,,,,,,,,,,,,,,,,,,,,,A,B,B,A,A,A,B,A,B,B,,,,,,,,,,,,,,,,,,,A,B,A,A,A,B,,,,,A,A,A,A,A,A,A,A,B,B,B,B,A,B,B,B,A,B,,,,,,,,,,,,,B,A,A,C,B,B,A,B,B,A,,B,B,B,B,B,B,B,B,B,D,A,A,A,A,A,A,A,A,A,C,C
1159,2019,2,24,B,45.0,C,D,A,A,A,B,A,A,A,B,B,25.0,2.0,9.0,A,B,B,A,B,39.0,69.0,333.0,A,A,A,B,A,A,A,A,A,B,A,A,B,A,B,B,A,B,A,A,A,B,B,B,B,B,A,A,A,B,B,A,B,B,2.0,2.0,0.0,0.0,1.0,1.0,0.0,2.0,2.0,0.0,2.0,2.0,4.0,17.0,B,6.0,B,A,A,A,A,B,B,B,A,A,A,A,B,A,A,A,A,A,A,A,A,A,B,A,A,A,A,B,B,B,A,A,A,B,A,A,A,A,B,B,B,A,B,A,A,B,A,A,A,B,B,B,B,,,,,,,,,,,,,,,,,,,A,A,B,A,B,B,,,,,A,A,A,A,A,B,A,A,B,B,B,B,B,A,B,A,A,B,,,,,,,,,,,,,B,A,A,C,A,B,A,B,B,B,B,A,A,A,A,A,B,B,A,B,D,A,A,A,A,A,A,A,B,A,D,D
1160,2019,2,24,B,46.0,A,D,A,A,A,A,A,A,B,A,A,20.0,6.0,,A,A,B,A,B,73.0,1.0,1.0,B,B,A,B,B,B,A,B,B,B,A,A,A,A,B,A,A,B,B,B,B,B,B,B,B,B,A,A,B,A,A,B,A,B,2.0,0.0,2.0,1.0,2.0,2.0,0.0,2.0,2.0,2.0,2.0,2.0,3.0,11.0,B,2.0,B,A,A,A,A,A,A,B,A,B,A,B,A,A,A,B,A,A,B,A,A,A,B,A,A,A,A,A,B,B,A,A,A,B,A,A,A,A,A,A,B,A,B,A,B,B,A,A,A,A,A,B,B,,,,,,,,,,,,,,,,,,,A,B,A,A,A,B,,,,,A,A,A,A,A,A,B,A,A,B,B,B,A,A,B,A,A,A,B,B,A,A,A,B,A,A,A,A,A,B,A,A,A,C,A,B,A,B,B,A,A,A,A,A,B,A,B,B,B,B,D,,A,A,A,A,A,A,A,B,D,D
1161,2019,2,24,B,46.0,A,D,A,A,A,B,A,A,A,B,B,18.0,3.0,,A,B,A,A,B,26.0,2.0,4.0,A,A,A,A,B,A,A,A,A,B,A,A,B,B,B,B,A,B,A,A,A,A,B,B,B,A,A,A,A,A,A,B,B,B,2.0,0.0,2.0,,2.0,,0.0,2.0,0.0,2.0,0.0,2.0,11.0,23.0,B,2.0,B,A,A,A,A,B,B,B,A,A,A,B,B,A,B,A,A,A,B,B,A,B,B,A,A,A,B,B,B,B,A,A,A,B,A,A,A,A,B,B,B,A,A,A,B,B,A,A,A,A,A,B,B,,,,,,,,,,,,,,,,,,,A,B,A,A,A,B,,,,,A,A,A,A,A,A,A,B,B,B,B,B,B,A,B,A,A,B,,,,,,,,,,,,,C,A,A,C,C,B,A,A,B,A,A,A,A,A,B,B,B,B,B,B,D,A,A,A,A,A,A,A,B,A,D,D
1162,2019,2,24,B,46.0,C,C,B,B,,,,,,,,,2.0,9.0,A,B,A,A,A,518.0,122.0,396.0,A,A,A,B,A,A,A,A,A,B,A,A,A,A,B,A,B,B,B,A,B,B,B,B,B,B,A,A,A,A,A,A,A,B,2.0,2.0,,,,,,,2.0,2.0,2.0,,2.0,12.0,B,7.0,A,A,A,A,B,B,B,B,B,A,A,A,A,A,B,A,A,A,A,B,A,B,A,A,A,A,B,B,B,B,B,A,A,A,A,A,A,B,B,B,B,B,A,A,B,B,A,A,A,B,A,B,B,,,,,,,,,,,,,,,,,,,A,B,A,A,A,B,,,,,A,A,A,A,A,A,A,A,B,B,B,B,B,A,B,A,A,B,,,,,,,,,,,,,C,A,A,C,C,B,A,B,B,A,A,B,B,B,B,A,B,B,B,B,D,A,A,A,A,A,A,A,A,A,C,C
1163,2019,2,24,B,47.0,A,C,A,B,,,,,,,,,3.0,,A,B,B,A,B,42.0,8.0,34.0,A,A,A,B,B,B,A,A,A,B,A,A,A,B,B,B,A,B,B,A,B,B,B,B,B,B,A,B,A,A,A,A,B,B,2.0,0.0,2.0,2.0,2.0,2.0,0.0,2.0,2.0,2.0,2.0,2.0,2.0,10.0,B,0.0,B,B,B,B,B,B,B,B,A,A,A,A,A,A,B,A,B,B,B,B,A,B,B,B,B,B,B,B,B,B,A,A,B,B,B,B,B,B,B,B,B,A,B,A,B,B,A,B,A,B,A,B,B,,,,,,,,,,,,,,,,,,,A,B,B,B,A,B,,,,,A,A,A,A,B,B,B,A,B,B,B,B,B,B,B,B,A,B,,,,,,,,,,,,,,A,A,,,B,A,B,B,A,A,A,B,A,B,B,B,B,B,B,D,,A,,,A,A,A,A,,D,D
1164,2019,2,24,B,47.0,A,D,A,A,A,B,A,A,A,B,B,26.0,7.0,8.0,A,B,A,A,B,10.0,2.0,3.0,A,A,A,B,A,A,A,A,A,A,A,A,B,A,A,A,A,B,B,B,B,B,B,B,B,A,A,A,B,B,B,A,B,B,1.0,1.0,,,1.0,1.0,,,1.0,1.0,1.0,,,0.0,A,,B,A,A,A,A,B,B,B,A,B,B,B,B,A,B,A,A,B,B,B,A,B,B,A,A,B,A,B,B,B,A,A,A,B,A,A,B,A,B,B,B,A,A,A,A,B,A,A,A,B,A,B,B,,,,,,,,,,,,,,,,,,,A,A,A,A,B,B,,,,,A,A,A,A,A,A,A,A,A,B,B,B,B,A,B,B,A,B,,,,,,,,,,,,,,A,A,,,B,A,B,B,A,A,A,B,A,A,A,B,B,B,B,D,A,A,A,A,A,A,A,,,D,E
1165,2019,2,24,B,47.0,C,D,A,A,A,B,B,B,B,B,B,19.0,2.0,2.0,B,A,B,A,B,5.0,1.0,1.0,A,A,A,A,B,A,A,A,A,B,A,A,B,A,B,A,B,B,B,B,A,A,B,B,B,B,A,A,A,B,A,A,B,B,1.0,,,,1.0,1.0,,,2.0,,1.0,1.0,3.0,4.0,B,0.0,A,A,A,A,B,B,B,B,A,B,A,B,B,A,B,B,B,B,B,B,A,B,A,A,A,A,B,B,B,B,A,A,A,A,A,A,A,B,B,B,B,A,A,A,A,A,A,A,A,B,B,B,B,,,,,,,,,,,,,,,,,,,A,A,A,A,A,B,,,,,A,A,A,A,B,A,B,A,B,B,B,B,A,A,B,B,A,B,,,,,,,,,,,,,B,A,A,C,A,B,B,A,B,A,A,A,A,A,B,B,B,B,B,B,D,B,A,B,A,A,A,A,A,B,D,D
1166,2019,2,24,B,48.0,C,D,A,A,A,A,A,A,B,B,A,10.0,6.0,0.0,A,B,A,A,B,4.0,1.0,1.0,A,A,A,A,B,A,A,A,A,B,A,A,A,A,B,B,A,B,B,B,A,B,B,B,B,B,A,A,A,A,A,B,A,B,4.0,0.0,,2.0,0.0,4.0,0.0,2.0,2.0,2.0,0.0,2.0,,,B,2.0,A,A,A,A,B,B,B,B,A,A,A,A,A,A,A,A,A,A,A,B,A,A,A,A,A,A,B,B,B,B,A,A,A,A,A,A,A,B,B,B,B,A,A,A,A,A,A,B,A,B,B,A,A,B,A,A,B,A,B,A,B,A,B,A,B,A,B,A,B,A,B,A,A,A,A,B,B,,,,,A,A,A,A,A,A,A,A,A,B,A,A,A,A,A,B,A,A,E,A,A,A,A,B,A,A,A,A,A,B,B,A,A,B,A,B,A,B,B,A,A,A,A,A,B,B,B,B,B,A,D,A,A,B,A,A,A,A,A,B,C,D
1167,2019,2,24,B,49.0,A,D,A,A,A,B,A,B,B,B,B,12.0,2.0,9.0,A,A,A,A,B,9.0,1.0,1.0,A,A,A,B,B,A,A,A,A,B,A,A,B,B,B,A,A,B,B,A,A,B,A,B,B,B,A,B,B,B,A,B,A,B,2.0,2.0,2.0,2.0,2.0,2.0,2.0,2.0,2.0,2.0,2.0,,2.0,24.0,B,2.0,A,A,A,A,B,B,B,B,B,B,B,B,B,A,A,B,B,A,B,B,A,B,A,A,A,A,B,B,B,B,B,A,A,A,A,A,A,B,B,B,B,B,C,A,A,B,A,A,A,B,B,B,A,B,A,A,B,B,B,B,B,B,B,B,B,B,B,A,B,B,B,A,A,A,A,A,B,,,,,A,B,B,B,A,A,B,B,A,B,A,B,B,A,B,A,A,A,A,A,A,A,A,B,B,B,A,A,A,A,A,A,A,,A,B,A,B,B,A,,A,B,A,A,B,B,B,B,B,,A,A,,A,A,A,A,A,A,D,D
1168,2019,2,24,B,49.0,C,D,A,A,B,B,B,A,B,B,B,21.0,2.0,9.0,A,B,,,,96.0,29.0,51.0,B,B,B,B,B,B,B,B,B,A,A,A,B,A,B,A,A,B,B,B,B,B,B,B,B,B,A,A,A,A,A,B,B,B,4.0,0.0,2.0,1.0,3.0,0.0,0.0,0.0,0.0,0.0,0.0,0.0,0.0,10.0,B,3.0,B,A,A,A,B,B,B,B,B,A,A,B,B,A,B,B,B,A,B,B,A,A,B,A,A,A,B,A,B,B,B,A,A,B,A,A,A,B,A,B,B,B,C,A,B,B,A,B,A,B,B,B,B,,,,,,,,,,,,,,,,,,,A,B,A,A,B,B,,,,,A,A,A,B,B,B,B,A,B,B,B,B,B,A,B,B,A,B,,,,,,,,,,,,,C,A,A,C,B,B,A,B,B,A,A,A,A,A,B,A,B,B,B,B,D,B,A,B,A,A,A,B,A,,E,C
1169,2019,2,24,B,50.0,A,C,A,A,A,B,B,A,B,B,B,10.0,,,A,B,B,A,A,8.0,3.0,3.0,A,A,A,B,B,B,A,B,A,B,A,A,B,A,B,A,A,B,B,B,B,B,B,A,B,A,A,A,A,A,B,B,B,B,2.0,0.0,2.0,,2.0,,0.0,2.0,2.0,2.0,0.0,,4.0,16.0,B,0.0,B,B,B,B,B,B,B,B,A,B,B,B,B,A,B,B,B,B,B,B,A,B,B,B,B,B,B,B,B,B,A,A,B,B,B,B,B,B,B,B,B,A,A,A,A,B,A,A,A,B,B,B,B,,,,,,,,,,,,,,,,,,,A,A,A,A,B,B,,,,,A,A,A,B,A,B,B,B,A,B,B,B,B,B,B,B,A,B,,,,,,,,,,,,,B,A,A,C,B,B,A,B,B,A,A,A,B,A,B,B,B,B,B,B,D,B,A,B,A,B,B,A,B,B,D,E
1170,2019,2,24,B,50.0,A,D,A,A,A,A,A,A,A,B,B,30.0,2.0,10.0,A,B,A,A,B,12.0,1.0,3.0,B,B,B,B,B,B,B,B,B,A,A,A,B,B,A,A,B,B,B,A,A,B,B,B,B,B,A,A,A,A,A,A,A,B,2.0,2.0,2.0,0.0,2.0,0.0,0.0,0.0,0.0,0.0,0.0,2.0,6.0,16.0,A,2.0,B,A,A,A,B,B,B,B,A,A,B,B,B,A,B,A,A,A,B,B,A,B,B,A,A,A,B,B,B,B,A,A,B,B,A,A,A,B,B,B,B,A,A,A,B,B,A,A,A,B,A,B,B,,,,,,,,,,,,,,,,,,,A,A,A,A,B,B,,,,,A,A,A,A,A,A,A,A,B,B,B,B,B,A,B,A,A,A,E,A,A,A,A,B,A,A,A,A,A,A,B,A,A,C,B,B,A,B,B,A,B,A,A,A,B,B,B,B,B,B,D,A,A,A,A,A,A,A,A,A,D,D
1171,2019,2,24,B,50.0,A,D,A,A,A,B,A,A,A,B,B,26.0,2.0,9.0,A,B,B,A,A,10.0,1.0,2.0,A,A,A,B,B,A,A,A,A,B,A,A,B,A,B,A,A,B,B,B,B,B,B,B,B,B,A,A,A,A,A,A,B,B,2.0,0.0,2.0,0.0,2.0,0.0,0.0,2.0,2.0,2.0,2.0,0.0,0.0,6.0,B,8.0,B,A,A,A,A,B,B,B,A,A,A,A,B,A,B,A,A,A,A,B,A,B,B,A,A,A,A,B,B,B,A,A,B,B,A,A,A,A,B,B,B,A,A,A,A,A,A,A,A,B,B,B,B,,,,,,,,,,,,,,,,,,,A,A,A,A,B,B,,,,,A,A,A,A,A,A,B,A,B,B,B,B,B,A,B,B,A,B,,,,,,,,,,,,,B,A,A,C,B,B,A,B,B,A,A,A,A,A,B,B,B,B,B,B,D,A,B,B,A,A,A,A,A,B,E,E
1172,2019,2,24,B,50.0,C,D,A,A,A,B,A,A,B,B,B,33.0,,5.0,B,B,B,A,B,7.0,0.0,0.0,B,B,A,B,B,B,A,A,A,B,A,A,B,A,B,B,A,B,B,B,B,B,B,B,B,B,B,,,,,,,,,,,,,,,,,,,,,,,,,,,,,,,,,,,,,,,,,,,,A,A,B,A,A,B,A,B,B,B,A,A,A,B,A,A,A,A,B,B,B,A,B,A,B,B,A,A,A,B,B,B,B,,,,,,,,,,,,,,,,,,,A,B,A,A,B,B,,,,,A,A,A,A,B,B,B,B,A,B,B,B,B,A,B,A,A,A,E,A,A,A,B,B,B,B,A,A,B,B,B,A,A,C,B,B,A,B,B,A,A,A,B,A,B,B,B,B,B,B,D,A,A,B,A,A,A,A,A,B,C,D
1173,2019,2,24,B,50.0,C,E,A,A,A,B,A,A,A,B,B,19.0,,4.0,B,B,A,A,A,30.0,2.0,2.0,A,A,B,B,A,A,A,A,A,A,A,A,A,B,A,A,A,B,B,B,A,B,B,A,B,A,A,A,A,A,A,B,A,B,4.0,2.0,2.0,0.0,2.0,0.0,0.0,0.0,2.0,0.0,0.0,2.0,2.0,0.0,B,6.0,A,B,B,A,B,B,B,A,A,A,A,A,A,A,A,A,A,A,A,B,A,B,A,B,B,A,A,B,B,A,A,A,B,A,B,B,A,A,B,B,A,A,A,A,A,A,A,A,A,B,A,B,A,B,B,B,A,B,A,A,A,A,B,A,B,A,B,A,B,A,B,A,A,A,A,A,B,,,,,A,A,A,A,A,A,A,A,A,A,A,B,A,A,A,A,A,A,B,B,A,A,A,B,A,A,A,A,A,A,A,A,A,C,C,B,A,B,B,A,A,A,A,A,A,A,A,A,A,B,D,A,A,A,A,A,A,A,A,A,D,D
1174,2019,2,24,B,52.0,A,C,A,A,A,B,B,B,B,B,B,30.0,,8.0,B,B,B,A,A,326.0,2.0,3.0,A,A,A,A,B,A,A,A,A,B,A,A,B,B,B,A,A,B,B,B,B,B,B,B,B,B,A,B,A,A,B,B,B,B,1.0,1.0,1.0,0.0,1.0,0.0,1.0,1.0,0.0,0.0,0.0,0.0,1.0,2.0,B,3.0,B,B,B,B,B,B,B,B,A,A,A,A,A,A,A,A,A,B,B,A,A,A,B,B,B,B,B,B,B,B,A,A,A,B,B,B,B,B,B,B,B,A,A,A,A,A,A,A,A,B,B,B,A,A,B,B,A,B,A,B,A,B,A,B,A,B,A,B,A,B,A,A,A,A,B,B,B,,,,,A,A,A,A,A,A,A,A,B,B,B,B,B,A,B,B,A,B,,,,,,,,,,,,,A,A,A,C,C,B,A,B,B,A,A,A,B,A,A,A,B,B,B,B,D,A,A,A,A,A,A,B,B,B,D,D
1175,2019,2,24,B,53.0,A,D,A,A,A,B,B,B,B,B,A,36.0,15.0,7.0,A,B,A,A,A,28.0,3.0,2.0,A,A,A,B,A,A,B,A,A,B,A,A,B,B,A,,A,B,B,B,B,B,B,B,B,A,A,A,A,A,B,B,B,B,2.0,2.0,2.0,2.0,2.0,2.0,,2.0,,2.0,2.0,2.0,,20.0,B,4.0,B,A,A,A,A,A,B,B,A,A,B,A,A,A,B,A,B,A,B,B,A,A,B,A,A,A,A,A,B,B,A,A,A,B,A,A,A,A,A,B,B,A,A,A,A,A,A,A,A,A,A,B,B,,,,,,,,,,,,,,,,,,,A,A,,A,A,B,,,,,,,,,,,,,,,,,,,,,A,B,,,,,,,,,,,,,B,A,A,C,B,B,A,B,B,A,A,A,B,A,B,B,B,B,B,B,D,A,A,,A,A,B,A,A,B,C,C
1176,2019,2,24,B,53.0,A,D,A,A,B,B,A,B,B,B,B,33.0,6.0,8.0,A,B,B,A,B,237.0,44.0,78.0,A,A,A,B,B,A,A,B,A,B,A,A,B,B,B,A,B,B,B,B,B,B,B,A,B,B,A,A,A,B,A,A,A,B,2.0,0.0,1.0,1.0,2.0,2.0,0.0,0.0,2.0,2.0,0.0,0.0,4.0,16.0,B,3.0,B,A,A,A,A,B,B,B,A,B,B,B,B,A,B,A,A,A,B,B,A,B,B,A,A,A,A,B,B,B,A,A,A,B,A,A,A,A,B,B,B,A,A,A,A,B,A,A,A,B,A,B,B,,,,,,,,,,,,,,,,,,,A,A,B,A,B,B,,,,,A,A,B,B,B,B,B,B,B,B,B,B,B,B,B,B,A,B,,,,,,,,,,,,,B,A,A,,B,B,A,B,B,A,A,B,A,A,A,B,B,B,B,B,D,B,A,A,A,A,A,A,B,B,D,D
1177,2019,2,24,B,53.0,C,D,A,A,A,B,B,B,B,B,B,33.0,0.0,5.0,B,B,B,A,A,42.0,2.0,3.0,A,A,A,B,B,A,A,A,A,B,A,A,B,A,B,A,A,B,B,A,A,B,B,B,B,A,A,A,B,A,A,A,A,B,4.0,0.0,0.0,2.0,6.0,2.0,0.0,0.0,0.0,0.0,2.0,1.0,7.0,24.0,B,0.0,B,A,A,A,B,B,B,B,B,B,B,B,A,A,B,B,B,A,B,B,A,A,B,A,A,A,B,B,B,B,B,A,A,B,A,A,A,B,B,B,B,B,A,A,A,B,A,A,A,A,B,B,B,,,,,,,,,,,,,,,,,,,A,A,A,A,B,B,,,,,A,A,A,A,A,A,B,A,B,B,B,B,B,A,B,B,A,B,,,,,,,,,,,,,C,A,A,C,B,B,A,B,B,A,B,A,A,A,A,A,B,B,B,B,D,A,A,A,A,A,A,A,A,A,D,D
1178,2019,2,24,B,54.0,A,D,A,A,A,A,A,A,A,B,B,33.0,2.0,,B,B,B,A,B,,17.0,4.0,A,B,A,A,B,A,A,B,A,B,A,A,B,A,B,A,B,B,B,A,B,A,B,A,B,B,A,A,A,B,A,A,A,B,1.0,1.0,1.0,1.0,1.0,1.0,1.0,1.0,1.0,2.0,1.0,1.0,1.0,6.0,B,1.0,B,B,A,A,B,A,B,B,A,B,B,B,A,A,B,B,B,A,B,B,A,A,B,A,A,A,B,A,B,B,A,A,B,B,A,A,A,B,A,B,B,A,A,A,A,B,A,A,A,A,B,B,B,,,,,,,,,,,,,,,,,,,A,A,A,A,B,B,,,,,A,A,A,B,B,B,B,B,B,B,B,B,B,B,B,A,A,B,,,,,,,,,,,,,C,A,A,C,C,B,A,B,B,,A,B,B,A,B,A,B,B,B,B,D,A,A,B,A,B,A,A,B,B,C,C
1179,2019,2,24,B,54.0,A,D,A,A,A,B,A,B,A,B,B,25.0,8.0,10.0,B,B,A,A,B,30.0,1.0,4.0,A,A,A,B,A,A,A,A,A,A,A,A,B,B,A,A,B,B,B,A,B,A,B,A,B,B,A,A,A,A,B,A,B,B,1.0,1.0,1.0,,1.0,,,1.0,1.0,,1.0,1.0,1.0,9.0,B,0.0,B,A,A,A,A,A,B,B,B,A,A,A,A,A,A,A,A,A,B,B,A,A,B,A,A,A,A,A,B,B,B,A,A,A,A,A,A,A,A,B,B,A,A,A,A,A,A,A,A,A,A,B,B,,,,,,,,,,,,,,,,,,,A,A,A,A,A,B,,,,,A,A,A,A,A,A,B,B,B,B,B,B,A,A,B,A,A,B,,,,,,,,,,,,,C,A,A,C,C,B,A,B,B,A,B,A,A,A,A,A,B,B,B,B,D,A,A,A,A,A,A,A,A,A,E,E
1180,2019,2,24,B,54.0,C,C,A,A,B,B,B,A,B,B,B,21.0,9.0,8.0,A,B,B,A,A,4.0,0.0,0.0,B,B,B,B,B,B,B,B,B,A,A,A,A,A,A,A,A,B,A,A,B,B,B,B,B,B,A,A,B,A,A,B,B,B,0.0,0.0,0.0,0.0,1.0,1.0,0.0,4.0,2.0,2.0,0.0,0.0,8.0,12.0,B,1.0,B,A,A,A,B,A,B,B,B,A,A,B,B,A,B,A,A,B,B,B,A,A,B,A,A,A,B,A,B,B,A,A,A,B,A,A,A,A,B,B,B,A,A,A,A,B,B,A,A,B,A,B,B,,,,,,,,,,,,,,,,,,,A,A,A,A,B,B,,,,,A,A,A,A,B,A,B,A,B,B,B,B,B,B,B,A,A,B,,,,,,,,,,,,,,A,A,,,B,A,B,B,A,A,A,B,A,B,B,B,B,B,B,D,A,A,B,A,A,B,A,A,B,C,C
1181,2019,2,24,B,55.0,A,D,A,A,A,A,B,B,B,B,B,30.0,0.0,9.0,B,B,A,A,A,29.0,1.0,3.0,A,A,A,B,B,A,A,A,A,B,A,A,B,B,B,B,A,B,B,A,A,B,B,B,B,B,A,A,B,A,A,B,B,B,3.0,1.0,1.0,1.0,1.0,1.0,1.0,,,,1.0,1.0,1.0,12.0,B,5.0,B,B,B,B,B,B,B,B,A,A,A,A,B,A,B,B,B,B,B,B,A,B,B,B,B,B,B,B,B,B,A,A,B,B,B,B,B,B,B,B,B,A,A,A,A,B,A,B,A,A,B,B,B,,,,,,,,,,,,,,,,,,,A,B,B,A,B,B,,,,,A,A,A,A,A,B,B,B,B,B,B,B,A,A,B,B,A,B,,,,,,,,,,,,,B,A,A,C,B,B,A,B,B,A,A,A,B,A,B,B,B,B,B,B,D,A,A,A,A,A,A,A,A,A,D,D
1182,2019,2,24,B,55.0,A,D,A,A,A,B,B,A,B,B,B,33.0,4.0,5.0,B,B,A,A,B,18.0,1.0,2.0,A,B,A,A,B,B,A,A,A,B,A,A,B,A,B,A,B,B,B,B,B,B,B,A,B,A,A,A,A,A,A,B,B,B,1.0,1.0,1.0,1.0,1.0,0.0,0.0,0.0,0.0,0.0,1.0,0.0,1.0,8.0,B,12.0,A,B,B,A,B,A,B,B,A,A,A,A,A,A,B,A,A,B,B,,A,A,A,A,B,A,B,A,B,B,A,A,A,A,B,B,A,B,A,B,B,A,A,A,B,B,A,B,A,A,A,B,B,,,,,,,,,,,,,,,,,,,A,B,B,A,A,B,,,,,A,A,A,A,A,A,A,A,B,B,B,B,B,A,B,B,A,B,,,,,,,,,,,,,B,A,A,B,B,B,A,B,B,A,A,A,A,B,B,B,B,B,B,B,D,A,A,B,A,A,B,A,A,A,C,C
1183,2019,2,24,B,55.0,C,D,A,A,A,B,B,A,B,B,B,30.0,3.0,9.0,A,B,B,A,B,12.0,0.0,1.0,B,B,B,B,B,B,B,B,B,A,A,A,B,B,A,B,A,B,B,B,B,B,B,B,B,A,A,B,B,B,A,B,B,B,1.0,0.0,1.0,1.0,1.0,1.0,0.0,1.0,2.0,1.0,1.0,1.0,1.0,12.0,B,1.0,B,A,A,A,A,B,B,B,A,B,A,A,B,A,B,A,A,A,A,B,A,B,B,A,A,A,A,B,B,B,A,A,A,B,A,A,A,A,B,B,B,A,A,A,B,A,A,A,A,A,A,B,B,,,,,,,,,,,,,,,,,,,A,B,A,A,A,B,,,,,A,A,A,A,A,A,A,A,A,B,A,B,A,A,B,B,A,B,,,,,,,,,,,,,B,A,A,C,B,A,B,B,B,A,B,A,A,A,B,B,A,B,B,B,D,A,A,B,A,A,A,A,A,A,D,D
1184,2019,2,24,B,56.0,C,D,A,A,A,B,A,A,A,B,B,29.0,,2.0,B,B,B,A,B,17.0,1.0,1.0,B,B,B,B,B,B,A,A,A,B,A,A,A,A,B,A,B,B,B,B,B,B,B,A,B,A,A,A,B,B,A,A,A,B,4.0,2.0,2.0,,2.0,,,2.0,2.0,2.0,2.0,,,3.0,B,3.0,B,B,B,A,A,B,B,B,A,B,B,B,B,A,A,A,A,A,B,A,A,A,B,B,B,A,A,B,B,B,A,A,B,B,B,B,A,A,B,B,B,A,A,A,B,B,A,B,A,B,B,B,B,,,,,,,,,,,,,,,,,,,A,B,B,A,A,B,,,,,A,A,A,A,A,A,A,A,B,B,B,B,B,A,B,B,A,B,,,,,,,,,,,,,B,A,A,B,B,B,A,B,B,A,B,A,A,A,B,B,B,B,A,B,D,A,A,B,A,A,B,A,A,B,C,C
1185,2019,2,24,B,56.0,C,D,A,A,A,B,A,A,B,B,B,26.0,2.0,8.0,A,B,B,A,B,12.0,2.0,2.0,B,B,B,B,B,B,B,B,B,A,A,B,B,A,B,B,A,B,B,B,B,B,B,B,B,B,A,A,B,B,B,B,B,B,2.0,,1.0,,1.0,,,,1.0,,,,1.0,4.0,B,1.0,B,B,B,B,B,B,B,B,A,A,B,B,B,A,B,A,A,A,A,B,A,A,B,A,A,B,B,B,B,B,A,A,A,B,A,A,B,B,B,B,B,A,A,A,B,B,A,A,B,B,A,B,B,,,,,,,,,,,,,,,,,,,A,B,A,B,B,B,,,,,A,A,A,A,B,B,B,A,B,B,A,B,B,A,B,B,A,B,,,,,,,,,,,,,B,A,A,C,B,B,A,B,B,A,A,A,A,A,B,B,B,B,B,B,D,B,A,B,A,A,A,A,A,A,D,D
1186,2019,2,24,B,56.0,C,D,A,A,A,B,A,B,A,B,B,37.0,6.0,9.0,A,B,A,A,A,37.0,1.0,5.0,A,A,A,B,B,B,A,A,A,B,A,B,B,B,B,A,B,B,B,B,B,A,B,A,B,B,A,A,A,A,A,B,B,B,1.0,1.0,1.0,0.0,2.0,0.0,0.0,1.0,1.0,1.0,1.0,1.0,5.0,12.0,B,6.0,B,B,B,A,B,B,A,B,A,A,A,B,A,A,B,A,A,A,A,A,A,B,B,B,B,A,A,B,A,B,A,A,A,B,B,B,A,A,A,A,B,A,A,A,A,A,A,A,A,B,A,B,B,,,,,,,,,,,,,,,,,,,A,A,A,A,A,B,,,,,A,A,A,A,A,A,A,A,B,B,A,B,A,A,B,B,A,A,B,B,A,A,A,B,A,A,A,A,A,B,C,A,A,C,B,B,A,B,B,A,A,A,A,A,A,A,B,B,B,B,D,A,A,A,A,A,A,,A,A,D,D
1187,2019,2,24,B,57.0,A,D,A,A,A,B,B,B,B,B,B,20.0,4.0,2.0,A,B,,,,154.0,42.0,112.0,A,A,A,B,B,B,A,B,A,A,A,A,B,A,A,A,B,B,B,B,B,B,B,A,B,B,A,A,A,A,B,B,B,B,2.0,0.0,2.0,0.0,2.0,0.0,0.0,2.0,2.0,0.0,0.0,0.0,0.0,12.0,A,1.0,B,A,A,A,B,B,B,B,A,B,A,B,A,A,B,A,B,B,B,B,A,A,B,A,A,A,B,B,B,B,A,A,A,B,A,A,A,B,B,B,B,A,A,A,B,B,A,B,A,A,A,B,B,,,,,,,,,,,,,,,,,,,A,B,B,A,B,B,,,,,A,A,A,A,B,B,B,B,B,B,B,B,B,B,B,A,A,B,,,,,,,,,,,,,C,A,A,C,B,B,A,A,B,A,B,A,A,A,B,B,B,B,B,B,D,A,A,B,B,A,B,B,B,B,D,E
1188,2019,2,24,B,57.0,A,E,A,A,A,A,A,A,B,B,B,33.0,3.0,8.0,A,A,B,A,B,9.0,1.0,1.0,B,B,B,B,B,B,B,B,B,A,A,A,B,B,B,B,A,B,B,B,B,B,B,B,B,B,A,A,A,A,B,B,B,B,2.0,2.0,,,2.0,,,,2.0,,2.0,2.0,6.0,18.0,A,2.0,B,A,B,A,B,B,B,B,B,A,B,B,B,A,B,A,A,A,A,B,A,B,B,A,A,A,B,B,B,B,B,A,A,B,A,A,A,B,B,B,B,B,C,A,B,B,A,A,A,B,B,B,B,,,,,,,,,,,,,,,,,,,A,B,A,A,B,B,,,,,A,A,A,A,B,A,B,B,B,B,B,B,B,A,B,B,A,B,,,,,,,,,,,,,C,A,A,A,C,B,A,B,B,A,B,A,B,A,B,B,B,B,B,B,D,A,A,A,A,A,B,A,A,B,C,C
1189,2019,2,24,B,57.0,C,C,A,A,A,B,B,A,B,B,B,30.0,0.0,10.0,B,B,A,A,A,205.0,27.0,174.0,A,B,A,B,B,B,A,B,B,B,A,A,A,A,A,A,A,B,B,B,B,B,B,B,A,A,A,A,B,A,A,B,B,B,2.0,2.0,2.0,1.0,2.0,1.0,0.0,1.0,2.0,2.0,0.0,0.0,2.0,17.0,B,3.0,B,B,B,B,B,B,B,B,A,A,B,A,B,A,B,B,B,A,A,B,A,A,B,A,A,B,B,B,B,B,A,A,A,B,A,A,B,B,B,B,B,A,B,A,A,A,A,A,A,A,A,A,A,B,B,B,A,B,A,B,A,B,A,B,A,B,A,A,B,B,A,A,A,A,A,A,B,,,,,A,A,A,A,B,B,B,A,B,B,B,B,B,A,B,A,A,A,G,A,A,A,A,B,B,A,A,A,B,A,A,A,A,C,C,B,A,B,B,A,A,A,A,B,A,B,B,B,A,B,D,A,A,A,A,A,A,A,A,A,D,D
1190,2019,2,24,B,57.0,C,C,A,A,B,B,B,A,B,B,A,33.0,2.0,9.0,B,B,B,A,A,87.0,25.0,62.0,A,A,A,B,A,A,A,A,A,A,A,A,B,A,B,B,A,B,B,B,B,B,B,B,B,B,A,A,B,A,B,B,B,B,1.0,,1.0,,2.0,,,3.0,3.0,,,,3.0,8.0,B,4.0,B,A,A,A,A,A,B,B,A,B,B,B,A,A,B,B,B,A,B,B,A,B,B,A,A,A,A,A,B,B,A,A,A,B,A,A,A,A,A,B,B,A,A,A,A,B,A,A,A,B,,B,B,,,,,,,,,,,,,,,,,,,A,A,A,A,A,B,,,,,A,A,A,B,A,A,B,B,A,B,B,B,B,B,B,B,A,A,B,B,A,A,A,B,B,B,A,A,B,B,C,A,A,,,B,A,B,B,A,A,A,B,B,B,B,B,B,B,B,D,B,A,B,A,A,A,A,A,A,C,C
1191,2019,2,24,B,58.0,A,D,A,A,A,B,A,A,A,B,B,28.0,28.0,0.0,A,B,B,A,B,31.0,2.0,2.0,B,B,B,B,B,B,B,B,B,B,B,B,B,B,B,,A,B,B,B,B,B,B,B,B,B,A,B,B,A,B,B,B,B,0.0,0.0,0.0,0.0,4.0,0.0,2.0,0.0,2.0,2.0,0.0,2.0,12.0,8.0,B,0.0,B,B,B,B,B,B,B,B,B,B,A,B,A,A,A,B,B,A,B,B,A,A,B,B,B,B,B,B,B,B,B,A,A,B,B,B,B,B,B,B,B,B,A,A,B,B,A,A,A,B,B,B,B,,,,,,,,,,,,,,,,,,,A,B,B,A,B,B,,,,,A,A,A,B,A,B,A,A,B,B,B,B,B,A,B,B,A,B,,,,,,,,,,,,,B,A,A,C,A,B,A,B,B,A,A,A,B,A,B,A,B,B,B,B,D,A,,,,A,,,,,C,C
1192,2019,2,24,B,58.0,A,D,A,A,A,B,B,A,A,B,B,35.0,,,A,B,A,A,B,35.0,2.0,2.0,A,B,B,B,B,B,B,A,B,B,A,A,B,B,B,A,B,B,B,B,B,B,B,A,B,B,A,A,B,A,A,B,A,B,,,,,,,,,,,,,,4.0,B,4.0,B,A,B,A,A,B,B,B,A,A,A,A,A,A,B,B,B,B,B,B,A,B,B,A,A,A,B,B,B,B,B,A,A,A,A,A,A,A,B,B,B,A,A,A,A,A,A,B,A,A,A,B,B,,,,,,,,,,,,,,,,,,,A,A,A,A,A,B,,,,,A,A,A,A,B,B,B,B,B,B,B,B,B,B,B,A,A,B,,,,,,,,,,,,,A,A,A,C,A,B,A,B,B,A,A,A,B,B,B,B,B,B,B,B,D,A,A,B,A,A,A,A,B,B,D,D
1193,2019,2,24,B,58.0,A,D,A,A,A,B,B,A,B,B,A,22.0,3.0,,B,B,B,A,B,1.0,0.0,0.0,A,B,B,B,B,B,B,B,B,A,A,A,A,A,A,B,A,B,B,B,B,B,B,B,B,A,A,A,A,A,A,A,A,B,2.0,0.0,2.0,2.0,2.0,2.0,0.0,2.0,2.0,2.0,2.0,0.0,0.0,18.0,B,5.0,B,B,B,B,B,B,B,B,A,A,A,A,A,A,A,A,A,A,B,B,A,A,B,B,B,B,B,B,B,B,A,A,A,B,B,B,B,B,B,B,B,A,A,A,A,A,B,A,A,A,A,B,B,,,,,,,,,,,,,,,,,,,A,A,A,A,A,B,,,,,A,A,A,A,A,A,A,A,A,B,B,B,A,A,B,A,A,A,E,A,A,A,A,B,A,A,A,A,A,A,C,A,A,C,A,B,B,A,B,B,A,A,B,A,B,B,B,B,B,B,D,A,A,A,A,A,A,A,A,A,D,D
1194,2019,2,24,B,58.0,A,D,A,A,A,B,B,A,B,B,B,36.0,6.0,8.0,A,B,B,A,B,6.0,1.0,1.0,B,A,B,B,B,A,A,B,A,B,A,A,B,B,B,A,A,B,B,B,B,B,B,B,B,B,A,A,A,A,A,B,B,B,1.0,0.0,1.0,0.0,1.0,1.0,0.0,1.0,1.0,0.0,1.0,1.0,2.0,9.0,A,0.0,A,B,B,B,B,B,B,B,B,A,B,A,A,A,B,A,A,A,A,B,A,B,A,A,A,A,A,B,B,B,A,A,A,A,A,A,A,A,B,B,B,A,A,A,A,B,A,A,B,B,A,B,B,,,,,,,,,,,,,,,,,,,A,A,A,B,A,B,,,,,A,A,B,A,A,B,A,B,B,B,B,B,B,B,B,B,A,B,,,,,,,,,,,,,C,A,A,C,B,B,A,B,B,A,A,B,A,A,B,A,B,B,B,B,D,B,A,B,A,A,B,B,B,B,D,D
1195,2019,2,24,B,58.0,A,D,A,A,A,B,B,B,B,B,B,33.0,2.0,9.0,A,B,B,A,B,30.0,1.0,12.0,B,B,B,B,B,B,B,B,B,B,A,A,A,A,A,A,B,A,A,A,B,A,B,A,B,B,A,A,A,A,A,A,A,B,2.0,2.0,2.0,,,,2.0,,2.0,2.0,2.0,2.0,,2.0,B,4.0,A,A,A,A,A,A,B,B,B,B,A,A,B,A,B,A,A,A,B,B,A,B,A,A,A,A,A,A,B,B,B,A,A,A,A,A,A,A,A,B,B,B,A,A,A,A,A,A,A,B,B,B,B,,,,,,,,,,,,,,,,,,,A,A,A,A,B,B,,,,,A,A,A,A,A,A,A,A,A,A,B,B,A,B,B,B,A,B,,,,,,,,,,,,,B,A,A,C,B,B,A,A,B,A,A,A,A,A,A,A,B,B,B,B,D,A,A,A,A,A,A,A,A,A,C,C
1196,2019,2,24,B,58.0,C,B,,B,,,,,,,,,,,B,A,B,A,B,24.0,1.0,3.0,A,A,A,B,B,A,A,A,A,B,A,A,A,A,B,A,A,B,B,A,B,A,B,A,B,B,A,A,A,A,A,A,B,B,3.0,1.0,1.0,,1.0,,,,1.0,1.0,1.0,,,6.0,B,3.0,B,B,B,B,B,B,B,B,A,A,A,A,A,A,A,A,A,A,A,B,A,A,B,B,B,B,B,B,B,B,A,A,A,B,B,B,B,B,B,B,B,A,A,A,B,A,A,A,A,B,A,B,B,,,,,,,,,,,,,,,,,,,A,B,A,A,A,B,,,,,A,A,A,A,A,B,A,B,B,B,B,B,B,A,B,B,A,B,,,,,,,,,,,,,C,A,A,C,B,B,A,B,B,A,,A,A,A,A,B,B,B,B,B,,A,A,A,A,A,A,A,A,A,D,D
1197,2019,2,24,B,58.0,C,D,A,A,A,B,B,B,A,B,B,30.0,30.0,9.0,A,B,A,A,A,87.0,4.0,9.0,B,A,B,B,B,A,B,B,B,A,A,A,A,A,A,B,A,B,B,B,A,B,B,B,B,A,A,A,A,A,A,B,A,B,4.0,2.0,1.0,1.0,2.0,2.0,2.0,,,,,2.0,12.0,3.0,B,5.0,A,A,A,A,A,A,B,B,A,A,A,A,A,A,A,A,A,A,B,A,A,A,A,B,B,A,A,A,B,B,A,A,A,A,B,B,A,A,A,B,B,A,A,A,A,A,A,A,A,A,A,A,A,A,A,A,B,A,B,B,A,A,B,A,B,A,B,A,B,A,B,A,A,A,A,A,B,,,,,A,A,A,A,A,B,B,A,B,A,B,B,B,A,B,B,A,A,D,B,B,A,A,B,B,B,B,A,B,A,A,A,A,C,C,B,A,A,B,A,A,B,B,A,B,A,B,B,A,B,D,A,A,A,A,A,A,A,A,,C,C
1198,2019,2,24,B,58.0,C,D,A,B,,,,,,,,,6.0,,A,B,B,A,A,2.0,0.0,0.0,B,B,B,B,B,B,B,A,B,B,A,A,B,B,B,A,A,B,B,B,B,B,B,A,B,B,B,,,,,,,,,,,,,,,,,,,,,,,,,,,,,,,,,,,,,,,,,,,,A,A,A,B,B,A,B,B,B,B,A,A,A,A,B,B,A,B,B,B,B,A,B,A,A,A,A,A,A,B,B,B,B,,,,,,,,,,,,,,,,,,,A,A,A,A,B,B,,,,,A,B,A,B,B,B,B,B,B,B,B,B,B,A,B,B,A,A,E,B,B,A,B,B,B,A,B,A,A,B,B,A,A,C,C,B,A,B,B,A,A,A,A,A,B,B,B,B,B,B,D,A,A,A,A,A,B,A,B,B,D,D
1199,2019,2,24,B,59.0,A,D,A,A,A,A,A,A,A,B,B,36.0,1.0,2.0,B,B,B,A,B,10.0,1.0,2.0,B,B,B,B,B,B,B,B,B,B,A,B,B,B,B,B,A,B,B,B,B,B,B,B,B,B,B,,,,,,,,,,,,,,,,,,,,,,,,,,,,,,,,,,,,,,,,,,,,A,B,B,B,B,B,B,B,B,B,B,A,B,B,B,B,B,B,B,B,B,B,A,A,B,B,A,A,B,B,A,B,B,,,,,,,,,,,,,,,,,,,A,B,A,B,A,B,,,,,A,A,A,A,A,A,B,B,B,B,B,B,B,A,B,B,A,A,B,A,A,A,A,B,A,A,A,A,A,B,B,A,A,C,C,B,A,B,B,B,B,B,A,A,B,B,B,B,B,B,D,A,A,B,B,A,A,B,A,B,E,E
1200,2019,2,24,B,59.0,C,D,A,A,A,B,B,B,A,B,B,42.0,7.0,,A,B,B,A,A,10.0,1.0,2.0,B,A,A,B,B,B,A,B,B,B,A,A,B,B,B,A,A,B,B,B,B,B,B,B,B,B,A,A,B,A,A,B,B,B,2.0,0.0,2.0,0.0,1.0,1.0,0.0,2.0,2.0,0.0,0.0,2.0,0.0,12.0,A,1.0,B,B,B,B,B,B,B,B,B,B,A,B,A,A,B,B,B,A,B,B,A,B,B,B,B,B,B,B,B,B,B,A,B,B,B,B,B,B,B,B,B,B,B,B,,,,,,,,,,,,,,,,,,,,,,,,,,,,A,A,A,A,B,B,,,,,A,A,A,A,B,A,B,B,B,B,B,B,B,B,B,B,A,B,,,,,,,,,,,,,B,A,A,B,B,B,A,B,B,A,B,A,A,A,B,B,B,B,B,B,D,B,A,B,B,A,B,A,B,B,D,D
1201,2019,2,24,B,59.0,C,D,A,A,B,B,A,A,B,B,B,36.0,8.0,10.0,A,B,B,A,B,1.0,0.0,0.0,A,A,A,B,A,A,A,A,A,A,A,A,B,B,B,B,A,B,B,B,B,B,B,B,B,B,A,B,B,A,B,B,B,B,1.0,,1.0,,,,,1.0,1.0,,1.0,,1.0,3.0,B,2.0,B,B,B,B,B,B,B,B,B,A,A,B,A,A,A,B,B,A,A,B,A,B,B,B,B,B,B,B,B,B,B,A,B,B,B,B,B,B,B,B,B,B,A,A,B,B,A,A,A,B,B,B,B,,,,,,,,,,,,,,,,,,,A,B,A,A,B,B,,,,,A,A,A,B,B,A,B,B,B,B,B,B,B,B,B,B,A,B,,,,,,,,,,,,,B,A,A,C,B,B,B,A,B,A,B,A,A,A,A,B,B,B,B,B,D,B,A,B,B,A,B,A,B,B,D,D
1202,2019,2,24,B,62.0,A,C,A,A,A,A,B,B,B,B,B,40.0,7.0,0.0,A,B,B,A,A,8.0,0.0,2.0,A,A,B,B,A,A,A,A,A,B,A,A,B,B,B,A,A,B,B,B,B,B,B,B,B,B,A,A,A,B,A,B,A,B,2.0,0.0,0.0,0.0,2.0,2.0,0.0,0.0,2.0,2.0,2.0,0.0,0.0,10.0,B,4.0,B,A,A,A,A,A,B,B,A,B,A,B,A,A,B,B,B,A,B,B,A,B,B,A,A,A,A,A,B,B,A,A,A,B,A,A,A,A,A,B,B,A,A,A,B,B,B,B,B,B,B,B,B,,,,,,,,,,,,,,,,,,,A,B,A,B,B,B,,,,,A,A,A,A,A,A,B,B,B,B,B,B,B,B,B,B,A,B,,,,,,,,,,,,,B,A,A,C,B,B,A,B,B,B,B,A,A,A,B,B,B,B,B,B,D,B,B,B,B,B,B,B,B,B,D,D
1203,2019,2,24,B,62.0,A,D,A,A,A,B,B,B,B,B,B,29.0,12.0,9.0,A,B,B,A,A,8.0,1.0,1.0,A,A,A,B,B,B,A,A,A,B,A,A,B,B,B,B,A,B,B,B,B,B,B,B,B,A,A,A,A,A,A,A,B,B,2.0,0.0,1.0,1.0,1.0,1.0,0.0,2.0,2.0,2.0,0.0,4.0,4.0,10.0,B,2.0,B,A,A,A,B,A,B,B,B,A,A,B,B,A,B,A,B,A,B,B,A,B,B,A,A,A,B,A,B,B,B,A,A,B,A,A,A,B,A,B,B,B,A,A,A,B,A,B,A,B,B,B,B,,,,,,,,,,,,,,,,,,,A,A,B,A,B,B,,,,,A,A,A,B,A,B,A,A,A,B,B,B,A,A,B,B,A,A,D,B,B,A,A,B,B,B,B,A,B,B,C,A,A,C,C,B,A,B,B,A,A,A,B,A,B,B,B,B,B,B,D,A,A,B,B,A,A,B,B,A,D,D
1204,2019,2,24,B,63.0,A,C,A,A,A,B,B,B,B,B,B,10.0,1.0,4.0,B,B,B,A,B,7.0,0.0,0.0,B,B,A,B,B,B,A,B,B,B,A,A,A,A,B,B,A,B,B,B,B,B,B,B,B,B,A,A,A,A,A,A,A,B,1.0,0.0,1.0,1.0,6.0,3.0,0.0,5.0,6.0,4.0,2.0,2.0,1.0,2.0,B,2.0,B,A,A,A,A,B,B,B,A,A,A,A,A,A,A,A,A,A,B,B,A,B,B,A,A,A,A,A,B,B,B,A,A,B,A,A,A,A,A,B,B,B,A,A,B,A,A,B,A,A,B,A,A,B,A,A,B,A,B,A,B,A,B,A,B,A,B,A,B,A,B,A,B,B,A,B,B,,,,,A,A,A,A,A,A,B,A,B,B,B,B,B,B,B,B,A,A,E,A,A,A,A,B,A,A,A,A,B,B,B,A,A,C,C,B,A,B,B,A,A,A,A,A,B,B,B,B,B,B,D,A,A,A,A,A,A,A,A,A,C,D
1205,2019,2,24,B,64.0,C,D,A,A,A,B,A,A,A,B,A,46.0,10.0,4.0,B,B,B,A,B,34.0,1.0,6.0,B,A,A,A,B,A,A,A,A,A,A,A,A,A,A,A,A,B,A,A,A,A,A,A,A,B,A,A,A,A,A,A,B,B,4.0,0.0,4.0,0.0,4.0,0.0,0.0,0.0,2.0,0.0,2.0,0.0,0.0,8.0,B,4.0,A,A,A,A,A,A,B,B,A,A,A,A,A,A,B,A,B,A,B,A,A,A,A,A,A,A,A,A,B,B,A,A,B,A,A,A,A,A,A,B,B,A,A,A,A,A,A,A,A,A,A,B,B,,,,,,,,,,,,,,,,,,,A,A,A,A,A,B,,,,,A,A,A,A,A,A,A,A,A,A,A,B,A,A,B,A,A,A,D,B,B,A,A,B,B,B,A,A,A,A,B,A,A,C,C,B,A,B,B,A,B,A,A,A,A,A,B,B,A,B,D,A,A,A,A,A,A,A,A,A,D,D
1206,2019,2,24,B,65.0,A,D,A,A,A,B,A,A,B,B,B,40.0,,,A,B,B,A,A,103.0,43.0,61.0,A,B,B,B,B,B,A,B,B,B,A,A,B,B,B,A,B,B,B,B,B,B,B,A,B,B,A,A,B,B,A,B,A,B,1.0,0.0,1.0,0.0,1.0,1.0,1.0,0.0,1.0,0.0,1.0,0.0,6.0,13.0,B,2.0,B,A,A,A,A,A,A,B,B,B,B,B,B,A,B,B,A,A,A,B,A,B,B,A,A,A,A,A,A,B,B,A,B,B,A,A,A,A,A,A,B,B,A,A,A,B,A,B,A,A,B,B,B,,,,,,,,,,,,,,,,,,,A,B,B,A,B,B,,,,,A,A,A,A,A,A,B,A,B,B,B,B,B,A,B,B,A,B,,,,,,,,,,,,,B,A,A,C,B,B,A,B,B,A,,A,A,B,B,B,B,B,B,B,,A,B,B,A,A,A,A,B,B,D,D
1207,2019,2,24,B,69.0,A,E,A,A,B,A,A,A,B,A,B,30.0,5.0,,B,B,A,A,B,25.0,2.0,2.0,A,A,A,A,A,A,A,A,A,A,A,A,B,A,A,A,B,A,A,A,B,A,A,A,B,B,A,A,A,A,A,B,B,B,7.0,0.0,0.0,0.0,1.0,0.0,0.0,0.0,1.0,1.0,1.0,0.0,1.0,12.0,B,2.0,B,A,A,A,B,B,B,B,A,A,A,A,B,A,A,A,A,A,A,B,A,B,B,A,A,A,A,A,B,B,A,A,B,A,A,A,A,A,A,B,A,A,C,A,A,A,A,A,A,B,A,A,A,A,A,B,A,B,A,B,A,B,A,B,A,A,B,A,B,B,A,A,A,A,A,A,B,,,,,A,A,B,A,B,B,A,B,A,B,B,B,B,A,B,B,A,B,,,,,,,,,,,,,A,A,A,C,A,B,A,A,B,A,A,A,A,A,B,A,B,B,A,B,D,A,A,B,A,A,A,A,B,A,C,D
1208,2019,2,24,B,72.0,A,E,A,B,,,,,,,,,15.0,0.0,B,B,A,A,B,110.0,3.0,13.0,A,A,A,B,A,A,A,A,A,B,A,A,A,A,B,A,B,B,B,B,B,B,B,A,B,A,A,A,A,A,A,A,A,B,1.0,1.0,1.0,1.0,1.0,1.0,1.0,0.0,1.0,0.0,2.0,0.0,,10.0,B,13.0,A,A,A,A,B,B,B,B,A,A,A,A,A,A,A,A,A,A,A,A,A,A,B,B,B,B,B,B,B,B,A,A,A,B,B,B,B,B,B,B,B,A,B,A,A,A,A,A,A,A,A,B,B,,,,,,,,,,,,,,,,,,,A,A,A,A,A,B,,,,,A,A,A,A,A,A,A,A,A,B,A,A,A,A,B,B,A,B,,,,,,,,,,,,,B,A,A,C,B,B,A,B,B,A,A,A,A,A,A,A,B,B,A,B,B,A,A,A,A,A,A,A,A,A,D,C
